id,empleado
32279,0
25203,0
14011,1
15480,0
8233,0
296,1
9661,1
33850,0
18572,0
33964,0
14386,1
18939,0
21218,1
17806,1
30905,0
3962,1
24679,0
18091,0
28580,0
61,0
5141,1
36202,0
15319,1
28019,0
1944,0
6911,1
21166,1
11623,1
1338,1
4445,0
29861,0
5230,1
6027,1
23687,0
3714,1
32041,0
24797,0
33388,0
8381,1
21069,1
21973,1
1315,0
12094,0
32219,0
31360,0
26467,0
7357,1
26670,0
22630,0
853,1
12649,1
2714,0
12105,1
11388,0
18084,1
32183,0
29460,0
8721,1
15719,1
27440,0
15037,1
17567,0
20967,1
22834,0
8554,1
17509,1
27746,0
21898,1
16472,1
1884,1
24036,0
16136,1
32504,0
26088,0
18967,1
22207,0
26099,0
503,1
27488,0
34057,0
16840,1
7771,1
13303,1
13882,0
10418,1
3194,0
15951,1
30106,0
21879,1
12159,1
34489,0
29487,0
3196,0
11823,0
520,0
13265,0
7259,1
7445,1
3248,1
10466,1
27977,0
17124,1
12495,1
17026,1
3240,0
32209,0
27706,0
26357,0
14754,1
19198,0
22471,0
17276,1
4697,1
16635,1
4562,1
4665,0
2282,1
15451,1
5479,0
23701,0
6471,1
22885,0
31951,0
23618,0
36266,0
29102,0
29987,0
18317,1
4112,1
32705,0
10641,1
14252,1
29331,0
294,1
35513,0
36075,0
30353,0
13580,1
26340,0
33022,0
9166,1
18248,1
6885,0
11255,0
7941,0
2406,0
23225,0
31835,0
2261,1
10484,1
16550,1
35573,0
26083,0
9958,1
31625,0
8678,1
19526,1
21653,1
16215,1
25343,0
17285,1
12904,1
223,0
34404,0
36089,0
30957,0
11934,1
6535,1
5574,1
17270,1
32261,0
1072,1
8240,1
16677,1
6536,1
33030,0
13571,1
24902,0
20540,1
16275,1
24985,0
12762,1
22607,0
27004,0
16050,1
20191,1
10856,1
35329,0
19639,1
12283,1
7449,0
32606,0
26487,0
33857,0
33793,0
32285,0
7175,1
3739,0
28496,0
15121,1
28227,0
7169,1
21412,1
8301,1
23513,0
5360,1
14672,1
31504,0
16651,1
11724,1
34550,0
18995,0
16201,0
25548,0
3558,1
18688,1
18455,1
21079,1
30331,0
28426,0
7547,1
4946,1
15910,1
8929,1
2340,1
24079,0
6597,1
25184,0
12417,1
27180,0
17123,1
19590,1
35872,0
23888,0
20254,1
16526,1
34610,0
35246,0
12564,1
26070,0
8018,1
32743,0
21185,0
23969,0
9130,1
12910,0
10737,1
33233,0
1546,1
18226,1
25953,0
25948,0
22345,0
29718,0
3760,1
19022,1
33208,0
14621,1
4986,1
20985,1
13929,1
16781,1
25814,0
4094,1
30132,0
16119,1
19465,1
22124,1
26754,0
9139,1
16593,1
23577,0
32024,0
31214,0
11011,1
16742,0
21422,1
32678,0
3211,1
7647,1
24401,0
4667,1
35772,0
15690,1
12784,1
22106,1
23370,0
21915,1
31953,0
32930,0
34240,0
5365,1
34558,0
25923,0
24836,0
8131,1
964,0
9675,1
7206,1
20160,1
1123,1
884,1
18108,1
8225,1
479,1
12278,1
35257,0
80,0
10526,1
20924,1
8923,1
10381,0
14849,0
29239,0
9532,1
19208,1
18535,1
19780,1
5143,0
32961,0
31976,0
16216,1
31642,0
30522,0
27361,0
950,1
8189,1
23002,0
19732,1
16209,0
8570,1
9870,0
7665,1
6191,1
10974,1
15390,1
5938,1
15325,1
22080,1
25601,0
23585,0
5056,1
24315,0
21590,1
33903,0
29146,0
27164,0
22949,0
4850,1
247,1
24804,0
35793,0
30544,0
2676,1
35566,0
27662,0
28348,0
4137,1
35024,0
7146,1
25539,0
5447,1
26036,0
25432,0
14292,0
32255,0
13742,0
35611,0
33334,0
31963,0
3537,1
980,1
7742,1
6859,1
15495,1
29333,0
23730,0
9079,1
7970,1
34205,0
11700,1
15058,1
18620,0
31997,0
25110,0
24375,0
33937,0
34210,0
12729,1
34728,0
15496,1
6460,0
5462,1
30690,0
6755,1
10320,1
24203,0
22039,1
30679,0
12589,1
13406,1
22648,0
12997,1
13702,1
32070,0
28940,0
277,1
35029,0
15527,1
35452,0
19148,1
1537,0
7342,1
27259,0
12169,1
30204,0
36115,0
24275,0
14772,1
22117,1
30131,0
30276,0
2800,1
31012,0
29795,0
24335,0
13657,1
35395,0
33780,0
30967,0
10799,1
24986,0
25588,0
18511,1
14056,1
26958,0
16199,1
32475,0
12204,1
16991,1
20861,1
14399,1
25614,0
27505,0
23427,0
20132,1
29768,0
14395,1
34684,0
5015,1
20645,1
5085,1
16233,1
24027,0
18038,1
25034,0
19246,1
27468,0
30232,0
13045,1
2156,0
10059,0
30200,0
21063,1
33581,0
34420,0
4809,1
4065,1
25107,0
106,1
10651,1
29292,0
4945,0
8394,1
36264,0
15445,1
1292,1
27481,0
23983,0
25748,0
1622,1
27823,0
27961,0
15048,1
21090,1
24548,0
28217,0
34826,0
24598,0
1309,1
8746,1
9437,0
16816,1
21911,1
30952,0
5907,1
22234,0
31459,0
23318,0
17989,1
11815,0
24263,0
32318,0
29938,0
23179,0
26561,0
20492,1
27146,0
24181,0
21153,1
26445,0
32816,0
19808,1
11448,1
19837,0
24198,0
5099,0
21698,1
1385,1
24819,0
2652,1
31316,0
4679,1
34805,0
24101,0
18259,1
12435,1
27691,0
15689,1
31717,0
1638,1
14049,1
32851,0
21084,0
19915,1
9536,0
34901,0
10081,1
35502,0
16862,1
15189,0
34302,0
8760,1
11456,1
35316,0
7135,1
19383,1
4669,0
13845,1
4118,1
2437,1
21529,0
18689,1
33669,0
17763,1
17713,1
19907,1
27587,0
7832,1
32503,0
3052,0
6112,0
27132,0
676,1
4153,0
13565,0
30072,0
27190,0
28629,0
21779,1
12258,1
22728,0
35295,0
10675,1
6583,1
18574,1
12601,1
23646,0
30092,0
17961,1
22819,0
4103,1
26785,0
20899,0
32578,0
18964,1
19954,1
4992,1
17934,1
16312,1
15649,1
29684,0
12987,1
30809,0
5151,1
20263,1
26981,0
1526,1
10943,0
22424,0
9296,1
3418,1
13401,1
31661,0
18950,1
22273,0
28431,0
3453,0
27499,0
3881,1
1367,0
29185,0
29878,0
2458,0
9792,1
24568,0
20438,1
32369,0
10078,1
36019,0
18147,1
27051,0
30540,0
24237,0
8834,0
25552,0
27865,0
34983,0
20747,1
25302,0
35678,0
30462,0
26396,0
3284,0
26994,0
29933,0
11272,1
27644,0
31917,0
4770,1
1274,0
25463,0
13497,1
16856,0
21617,1
17893,0
30421,0
22147,0
12156,1
21538,1
3016,0
16120,1
3667,0
26012,0
10453,1
35099,0
24720,0
29120,0
5014,1
2707,1
320,1
9401,1
11865,0
17288,0
13925,1
5593,1
31617,0
13461,1
20141,1
16568,1
2867,1
647,1
4110,1
12687,0
24874,0
33285,0
10124,1
9231,1
3731,0
23853,0
36141,0
13796,1
30502,0
20655,0
13964,1
13748,0
3397,1
18010,1
18103,0
13487,1
22884,0
20395,0
35242,0
29459,0
12740,1
8066,1
15231,0
4182,0
22455,0
7506,1
7529,1
32637,0
25638,0
2253,1
33791,0
21558,1
30509,0
27573,0
31528,0
10288,1
25351,0
17715,1
12978,1
20946,1
13221,0
5926,1
10157,0
17962,1
35179,0
24448,0
27166,0
8257,1
4026,1
16151,1
22748,0
9823,1
18160,1
26937,0
28440,0
9725,1
27758,0
20148,0
15855,1
35535,0
2839,1
3030,1
33297,0
19199,1
25078,0
31241,0
4213,1
34721,0
18639,0
25984,0
3774,1
24040,0
33882,0
1752,1
19193,1
27174,0
13058,1
11819,1
24962,0
31362,0
27093,0
32957,0
20385,1
30793,0
20624,1
23937,0
2245,1
3460,1
5340,1
28880,0
3807,1
2694,1
9260,1
31535,0
29499,0
4277,1
25158,0
14114,1
24238,0
6288,0
22050,1
10309,1
33254,0
32416,0
15715,1
2516,1
19300,1
3092,1
27860,0
23175,0
8877,1
8769,1
33398,0
6295,1
32990,0
16014,1
29401,0
13000,1
6458,1
24883,0
9316,0
8324,0
19059,1
9760,1
10107,1
14997,1
19588,1
17493,1
21926,1
18340,1
12349,0
31629,0
11419,1
25209,0
29680,0
7006,1
29669,0
7698,1
12362,0
2763,1
5510,1
33073,0
24189,0
41,1
36066,0
35081,0
36215,0
2143,1
15329,1
1220,1
23218,0
17578,1
8549,1
29944,0
19934,1
35755,0
8129,1
18785,1
7092,0
5005,0
5900,1
2530,1
1175,1
21905,1
29882,0
34732,0
7635,0
4898,0
19748,1
28824,0
18421,1
33847,0
27400,0
32640,0
27618,0
19269,1
16978,1
24139,0
1027,1
30718,0
17897,1
35466,0
3287,1
29530,0
32734,0
20659,1
25015,0
14873,1
17681,1
33401,0
22257,0
4088,1
29886,0
4559,1
35248,0
26098,0
15980,0
17544,1
1417,1
22654,0
18783,1
22205,0
31428,0
7505,1
22316,0
35320,0
24398,0
3837,1
33295,0
27135,0
9827,1
28907,0
24324,0
29451,0
28144,0
34500,0
8288,1
24896,0
14104,0
12632,1
24012,0
9930,1
24600,0
11425,0
7846,0
11120,1
9689,1
33668,0
28264,0
28505,0
4282,0
36313,0
6656,1
13614,1
25745,0
28215,0
11283,1
8269,1
11515,1
15534,1
1647,1
13432,1
14250,1
12529,1
532,0
26540,0
32033,0
9051,1
20000,1
14178,1
27097,0
17206,0
10351,1
13307,1
12988,1
13775,0
27177,0
5759,1
28114,0
13675,1
11621,1
9073,1
11427,1
7200,1
17189,1
11966,1
11368,1
21547,1
8793,1
33691,0
31265,0
7177,1
11664,1
34215,0
28500,0
21607,1
34364,0
20301,1
16906,1
34426,0
3863,1
19162,1
13137,1
4345,1
14608,1
14709,1
27199,0
23491,0
7687,1
16777,1
11107,1
34006,0
28930,0
27026,0
36037,0
31493,0
5105,1
8365,1
18391,1
269,1
22738,0
12769,1
2891,1
18500,1
8529,1
2349,1
7437,1
29747,0
15418,1
23680,0
34538,0
26691,0
963,1
25170,0
2350,1
25701,0
368,1
4312,1
33799,0
16737,1
11526,1
5055,1
11335,0
1446,1
5891,1
1603,1
1983,0
28803,0
29505,0
12060,1
17345,1
6778,1
1317,1
16609,0
5862,1
33638,0
22064,1
9029,1
27345,0
2936,1
11560,0
31246,0
19267,1
21180,0
20247,1
378,1
5075,1
5924,1
584,1
10077,0
13749,0
24859,0
31407,0
28522,0
34150,0
2442,1
13603,1
23462,0
29625,0
78,0
10443,0
4702,1
19392,1
5429,1
30267,0
258,1
11673,1
28098,0
9604,1
10312,1
32892,0
24781,0
30917,0
29054,0
7204,1
24394,0
7909,1
8494,1
20580,1
11438,1
2886,1
31585,0
35016,0
31475,0
24930,0
18242,0
18569,1
32648,0
9966,1
31939,0
35365,0
24175,0
35445,0
3113,1
26949,0
6688,1
21050,1
4410,1
1351,0
13855,1
24634,0
23275,0
15070,0
4448,0
21769,1
5603,1
33305,0
4435,1
12407,1
20695,1
27806,0
32087,0
17888,1
32172,0
9069,1
5911,1
10683,1
32860,0
33738,0
2024,1
20454,1
20001,1
31472,0
19542,1
27070,0
12655,1
2104,1
21451,1
455,1
19631,1
20856,1
32865,0
24021,0
11153,1
4473,1
5296,1
24107,0
17561,1
25932,0
27666,0
17631,1
1598,1
10403,1
26346,0
34765,0
19552,1
24645,0
6150,1
6912,0
22863,0
23981,0
29363,0
13613,1
16658,1
13643,1
19279,1
2369,1
32933,0
15051,0
11876,0
30305,0
35111,0
17822,1
26621,0
31527,0
30057,0
35154,0
22572,0
13681,1
17847,0
35950,0
18670,1
6615,1
17885,1
26218,0
15139,1
2608,1
15799,1
13342,1
16094,1
12530,1
612,1
13360,1
14747,1
9086,1
8104,1
30382,0
1744,1
19459,1
29986,0
8012,1
1051,1
26230,0
20015,1
14076,1
28486,0
6676,1
737,1
3056,1
13799,1
8474,1
4018,1
13879,0
26889,0
27601,0
11672,1
33693,0
28462,0
29306,0
32934,0
30853,0
12261,1
18559,1
16264,1
18395,0
1053,1
35514,0
14260,1
25755,0
26102,0
17065,1
27979,0
442,1
32371,0
27646,0
12680,1
9212,1
32753,0
3632,0
29085,0
19032,0
14805,1
1928,1
10679,1
17517,1
19612,1
30641,0
30358,0
32238,0
30906,0
33033,0
8603,1
25833,0
25318,0
18217,1
12178,0
22371,0
4494,1
27517,0
13537,1
13361,0
15282,1
16544,0
2260,1
12036,1
18711,1
29161,0
1257,1
14280,1
28703,0
5814,1
20268,1
29551,0
7132,1
22459,0
16414,0
6754,0
23157,0
4203,1
21662,1
6446,0
8668,1
34110,0
17902,0
17749,1
10195,0
10428,1
9253,0
12507,1
23428,0
31545,0
31552,0
19653,1
24369,0
26853,0
16992,1
35752,0
29528,0
8498,1
24392,0
16617,0
25395,0
15457,1
24023,0
7022,0
19015,1
6148,1
8562,0
13727,1
11384,1
26167,0
15858,1
7201,1
13750,1
10182,1
31448,0
26025,0
21553,1
10325,1
29653,0
16292,1
22000,0
27469,0
32641,0
35083,0
36269,0
30978,0
10996,1
12525,1
32585,0
17732,1
3757,1
32947,0
22628,0
8907,1
7232,1
9304,1
36082,0
15517,1
24872,0
15089,1
1111,1
23256,0
20249,1
24365,0
2378,0
17379,1
20858,0
5100,1
4738,1
11442,1
7864,1
25918,0
5159,0
27451,0
27441,0
26014,0
30918,0
26146,0
35946,0
15553,1
32246,0
3519,1
13465,1
21954,1
16736,1
7978,1
31670,0
17269,1
5301,1
20067,1
28246,0
5660,1
1873,1
26231,0
17315,0
5567,1
27692,0
23715,0
13191,1
20651,1
24927,0
2117,1
18741,1
13714,0
23286,0
10066,1
6549,0
35549,0
5705,1
15368,1
10930,1
31701,0
23963,0
35718,0
20030,1
22596,0
18598,1
30986,0
23893,0
18061,1
24103,0
30221,0
254,1
16931,1
2597,1
3590,1
19985,1
17720,0
31276,0
23350,0
6987,1
11487,1
13134,0
17289,0
13555,1
31050,0
29094,0
29980,0
4826,1
18304,1
725,0
28688,0
2585,1
13047,1
14446,1
29972,0
30501,0
31556,0
15242,1
31216,0
22432,0
5096,1
26897,0
9486,0
22150,1
12115,1
3408,1
7119,1
9050,0
23006,0
31639,0
15846,0
8126,1
7900,0
18681,1
33992,0
31402,0
14354,1
16899,1
16602,0
5329,1
11595,1
6180,1
9343,1
4300,1
2249,1
9526,0
27001,0
9848,1
35349,0
24673,0
11520,1
34101,0
21462,1
27509,0
5742,1
29749,0
5737,1
11395,1
9718,1
5604,1
2638,1
33153,0
17854,1
15039,1
6874,0
20854,0
34253,0
29806,0
27970,0
13780,0
15775,0
31029,0
35939,0
14001,1
31881,0
32297,0
20182,0
6567,1
26704,0
19064,1
1153,1
19318,1
10908,1
24463,0
6994,1
14796,1
15794,1
17704,1
8406,1
18171,1
26484,0
26605,0
33723,0
16680,1
17521,1
5794,1
33597,0
22176,0
8454,1
29989,0
19327,1
5652,1
15328,1
33205,0
13999,1
36177,0
17211,1
19600,1
11951,1
33314,0
14181,1
9497,0
15155,0
12113,1
13387,1
13632,1
35171,0
6496,1
553,1
14433,0
7828,1
14002,1
32461,0
26199,0
3045,1
20217,1
1299,1
2066,1
28286,0
21798,1
217,1
31508,0
2961,1
20366,1
9666,1
15478,1
6339,0
27514,0
4537,1
21152,1
30781,0
28435,0
4903,1
18008,1
15417,1
20469,1
30976,0
17360,1
31594,0
22613,0
31529,0
13572,0
8622,0
31857,0
29863,0
34052,0
28081,0
34770,0
8260,1
22047,1
13493,1
7553,1
31263,0
13057,1
31866,0
21971,1
29518,0
4603,0
5651,1
24334,0
13774,1
555,1
12086,1
33255,0
11900,1
5909,1
34288,0
21333,1
31009,0
30862,0
27693,0
10412,0
13349,1
23345,0
17260,1
8222,0
3413,1
18703,1
9081,1
14045,1
22280,0
991,1
21470,1
32301,0
26354,0
33493,0
32437,0
34508,0
27442,0
34130,0
438,1
31954,0
1623,1
3835,0
7104,1
6613,1
5326,0
3991,1
28396,0
31490,0
4411,1
20218,0
12683,0
19514,1
19576,1
20326,1
18411,1
3104,1
17550,1
22254,0
24791,0
6616,0
21755,1
6002,1
7800,0
36200,0
14725,1
1994,1
17644,1
22070,1
21430,1
13323,1
11800,1
26453,0
6537,0
9372,0
13782,1
20003,1
18612,1
2930,1
834,1
13444,1
32029,0
35426,0
23178,0
6101,1
1953,1
21851,0
9774,1
5646,0
24239,0
27027,0
16698,0
25561,0
15241,1
3321,1
14707,1
35921,0
20008,0
9265,1
5834,0
17218,1
27263,0
7901,0
7360,1
4951,1
29092,0
31775,0
23316,0
8912,1
22645,0
4101,1
15903,1
26859,0
8537,0
8662,1
17406,1
25952,0
31869,0
3407,0
34948,0
10268,1
9758,1
24121,0
15733,1
9340,1
3363,1
28676,0
24443,0
22146,1
9658,1
16982,1
26568,0
5618,1
5799,1
289,1
8334,1
1982,1
9026,1
32103,0
8234,1
8503,1
29827,0
7139,0
35473,0
15548,1
16140,1
26287,0
8629,0
5091,1
13309,1
3570,1
35574,0
17122,0
19894,1
9884,1
24774,0
30520,0
32019,0
1727,1
24180,0
27113,0
18928,1
26982,0
11420,1
17439,1
31420,0
2836,1
33928,0
32323,0
35662,0
17340,1
25436,0
27118,0
6136,1
19828,1
23613,0
10997,1
6047,1
17005,0
13686,1
33253,0
7351,1
4599,1
35354,0
629,1
28252,0
24759,0
15959,1
11435,1
144,0
13269,1
21899,1
34458,0
15309,1
18533,0
16113,1
10765,1
17442,1
24083,0
33763,0
21467,0
7893,1
16485,1
15688,1
21873,1
7585,0
22950,0
34023,0
33294,0
26648,0
35760,0
4196,1
8373,0
33267,0
11422,1
19144,1
24541,0
7736,1
262,0
16047,1
3901,1
17592,1
23914,0
5588,0
19187,1
26636,0
11270,1
11886,1
27556,0
17921,1
15400,1
7706,1
8109,1
31345,0
9771,1
18560,1
3426,0
20353,1
7444,1
35267,0
18210,0
19110,0
16679,1
14976,1
21421,1
14054,1
16868,1
4010,1
22813,0
21053,1
17900,0
14306,0
342,1
11024,1
9465,1
19577,1
14485,1
12612,0
19192,1
5139,1
22114,1
6098,1
30798,0
3082,1
23797,0
34683,0
19491,1
28600,0
2899,0
28463,0
7938,1
30769,0
14669,1
14571,1
25609,0
2671,1
17011,1
23449,0
25883,0
30266,0
32672,0
1468,1
1067,0
20546,1
2612,1
27894,0
7099,1
25231,0
12650,1
19149,1
9387,1
28805,0
31992,0
15955,1
31381,0
25479,0
23995,0
28911,0
25021,0
13341,1
24352,0
33449,0
17241,1
18927,1
2377,1
27689,0
23511,0
2795,1
5262,1
500,1
13919,0
7446,1
29090,0
7781,1
36106,0
5601,1
18701,1
6248,1
23925,0
23973,0
11226,0
36293,0
7891,1
19965,1
1800,1
4210,1
29606,0
905,1
4082,1
813,1
29513,0
8476,1
12805,1
34213,0
27847,0
29241,0
8312,1
5906,1
29095,0
19937,1
25839,0
11466,1
19630,1
23563,0
8745,1
431,0
14764,0
20304,1
23673,0
35077,0
1267,1
32899,0
1404,1
34220,0
33774,0
22507,0
10308,1
31295,0
35827,0
14022,1
1917,1
25425,0
35924,0
1337,1
33978,0
19864,1
18220,1
36060,0
22383,0
8573,1
32627,0
26043,0
26094,0
32125,0
8994,1
13589,0
2235,1
31776,0
9034,1
17772,1
27447,0
36111,0
28721,0
33010,0
2500,0
33741,0
29261,0
20620,1
35275,0
8505,0
33444,0
16166,1
887,0
35853,0
9213,0
22526,0
5808,1
17634,1
36036,0
3672,0
4656,0
1013,1
32028,0
14508,0
20956,1
16852,0
13991,1
2331,1
18897,1
28324,0
17556,1
10677,1
33013,0
15549,0
19153,1
30318,0
10073,1
6547,1
35505,0
684,1
8115,1
30328,0
27909,0
9135,1
9284,0
17805,1
35749,0
14086,0
13853,1
31819,0
25811,0
17645,1
28608,0
11808,1
23530,0
29835,0
12299,1
24776,0
2988,1
19746,0
12457,0
25449,0
10219,1
18176,1
27434,0
25087,0
35828,0
25445,0
12909,1
15261,1
23671,0
24936,0
35057,0
5529,1
25284,0
27368,0
9808,1
19875,1
14498,0
33988,0
29750,0
12823,0
24480,0
26124,0
19707,0
8036,1
16248,1
28547,0
29784,0
35983,0
16599,1
33715,0
10267,0
26101,0
16007,1
4953,1
22820,0
22291,0
16031,1
35658,0
12992,1
33407,0
13582,1
7939,1
13157,0
11227,1
14806,1
11642,1
34033,0
19766,1
8470,1
6956,1
7837,1
18935,1
27341,0
5639,1
20584,1
9599,1
34250,0
27092,0
31676,0
17630,1
17403,1
7066,0
33563,0
12609,1
9695,1
33801,0
8968,1
120,0
18002,1
228,1
11874,1
14820,1
32918,0
32966,0
32326,0
13770,1
34238,0
15115,1
24022,0
8765,1
33432,0
22784,0
35667,0
13626,1
24628,0
28327,0
31445,0
361,1
15228,1
30464,0
17842,1
5700,1
17048,1
10694,0
17660,0
8964,0
35151,0
10513,1
15222,1
16236,1
983,1
35904,0
33946,0
13156,1
32383,0
25333,0
22134,1
9523,0
7472,1
27094,0
19052,1
29734,0
11947,1
13548,1
34268,0
35982,0
25547,0
7414,1
27244,0
2441,1
7697,1
25323,0
5347,1
34950,0
33966,0
23707,0
20987,1
15883,1
11077,0
23425,0
14908,0
26361,0
30447,0
18725,1
29417,0
24124,0
13814,1
14452,1
34235,0
3622,1
23411,0
31962,0
24552,0
10126,0
8633,1
6855,1
34424,0
25543,0
1310,1
16109,1
5027,1
3355,1
3876,0
15628,0
28163,0
21104,1
15819,1
26760,0
985,1
25476,0
11104,1
11840,1
25817,0
23343,0
2194,1
17176,1
17219,0
22939,0
7552,1
35364,0
14171,1
25456,0
2596,1
6771,1
8785,1
24803,0
16067,1
27684,0
29027,0
26291,0
6268,1
35124,0
22755,0
30486,0
3494,1
3510,1
6722,1
9908,1
4289,1
20988,1
9982,1
15243,1
27539,0
18811,1
32750,0
25444,0
23,1
9041,1
8191,1
3468,0
1095,1
35519,0
18356,1
18595,1
8110,1
3677,0
16853,1
11510,1
16033,0
10469,0
1777,1
17438,1
33687,0
6065,1
2199,1
16218,1
32764,0
32292,0
33428,0
30704,0
27628,0
4881,0
2219,0
15946,1
16484,1
29702,0
16836,1
36072,0
27780,0
18240,0
4815,1
2003,1
20079,1
30612,0
5039,1
7418,1
22485,0
31936,0
15531,1
18039,1
12883,1
23535,0
18876,1
27520,0
20867,1
31085,0
25893,0
18803,1
28652,0
10934,0
25810,0
2986,0
21435,1
1996,1
1774,1
22733,0
10853,0
24831,0
11295,1
9462,1
10621,0
11424,1
22806,0
13872,1
25053,0
4206,1
21268,1
20187,1
29978,0
1371,1
21237,1
29485,0
2213,0
4377,1
28627,0
25137,0
21633,1
13840,0
3741,1
30762,0
5954,1
33271,0
35390,0
30039,0
35373,0
22550,0
14859,1
27390,0
17867,1
17789,1
8931,1
3796,1
2392,0
35569,0
12006,1
20361,1
33006,0
17629,1
7385,0
24688,0
29889,0
6261,1
14451,1
27835,0
35877,0
20324,1
32752,0
32974,0
12106,0
33875,0
21513,1
2359,0
19684,1
24510,0
30879,0
9811,1
22743,0
32858,0
30730,0
18417,1
8173,1
2896,0
29366,0
5538,0
4373,0
686,1
17382,1
4735,1
14652,1
11296,1
1680,1
21831,1
14094,1
29746,0
23813,0
20586,1
3978,1
9453,1
12236,1
3571,1
34689,0
30964,0
5017,1
32030,0
34037,0
14397,1
8628,1
22795,0
18996,1
8346,1
26731,0
5512,1
8254,1
717,1
27770,0
13460,0
13418,1
22184,0
3207,1
33957,0
3197,1
3878,1
35268,0
2754,1
5835,1
15250,1
20749,1
15554,0
26011,0
20203,1
24963,0
1322,1
24911,0
11564,1
22076,1
27119,0
24279,0
218,0
1429,1
20828,1
26642,0
22216,0
23162,0
11083,1
19182,0
13502,1
24328,0
21498,1
27574,0
31043,0
16888,0
25935,0
18910,0
28754,0
31743,0
28109,0
5312,0
15260,1
8599,1
8514,0
31183,0
18851,1
4496,1
14267,0
24354,0
13205,1
11211,1
32305,0
29971,0
4848,1
11378,1
32725,0
33389,0
4408,0
15344,1
20291,1
10784,1
19610,1
27526,0
23118,0
31729,0
4753,1
16950,1
28705,0
23696,0
27317,0
30036,0
130,1
806,1
8560,0
2916,1
8204,1
6682,1
27670,0
21137,1
30023,0
25072,0
33985,0
7079,1
18082,1
19970,1
11881,1
7589,1
31941,0
7028,1
30388,0
27183,0
33828,0
36023,0
18352,0
18420,1
6102,1
16654,0
4398,1
34035,0
10271,1
28831,0
29105,0
22240,0
30787,0
10848,1
10885,1
15166,1
11763,1
23923,0
19029,1
846,1
35091,0
15084,0
19245,0
17779,1
7745,1
5536,1
23141,0
33375,0
31982,0
3808,0
14966,1
36004,0
17435,0
31342,0
11372,0
10950,1
19303,1
18170,1
19401,0
30648,0
23975,0
23017,0
17820,1
844,1
14390,1
1593,1
2578,1
2692,1
32495,0
33731,0
16145,0
33372,0
26112,0
8236,1
2339,1
13304,0
379,1
7536,1
27911,0
18871,1
29227,0
1297,1
21645,1
34104,0
16482,1
26866,0
36206,0
15679,1
13009,1
20323,1
16433,0
8801,1
6837,1
30257,0
6677,1
36005,0
20267,0
33016,0
22837,0
28146,0
5437,1
18900,1
22368,0
6589,1
16020,1
22783,0
6603,1
12841,1
26900,0
3845,1
3710,0
14856,1
3204,1
19291,1
19360,1
2148,1
7044,0
34036,0
20358,1
33272,0
689,1
15448,1
12905,1
19751,1
22860,0
8857,1
2712,1
9629,1
19648,1
36162,0
32179,0
8048,1
18408,1
17870,1
30490,0
10556,1
23241,0
29720,0
14262,1
12385,1
27606,0
16838,1
29892,0
11030,1
16934,0
13928,1
16877,1
19342,0
21477,0
5830,1
16655,1
13325,1
11053,1
27140,0
5116,1
14053,1
33694,0
26422,0
1644,1
23054,0
12323,0
5985,1
12353,1
21774,1
4726,1
7826,1
19350,1
17127,1
22571,0
13645,1
14737,1
25699,0
29619,0
1390,1
19493,0
34991,0
15904,1
11624,1
21315,1
33322,0
14237,1
14955,1
29344,0
28749,0
15293,0
7914,1
1076,1
27697,0
1507,1
27405,0
23918,0
26951,0
1827,1
12016,0
6412,1
770,1
3803,1
14617,1
30075,0
31612,0
28057,0
6169,1
10125,1
14426,1
5944,1
8779,1
14190,1
7448,1
9916,1
4124,1
272,0
1245,1
27479,0
9324,0
2903,1
3387,1
14392,1
29847,0
35219,0
18459,1
16958,1
21738,1
18405,1
24290,0
35833,0
13278,1
25109,0
12862,1
28475,0
22989,0
32491,0
10865,1
28958,0
2314,0
5396,1
33654,0
12584,1
6021,1
33025,0
1431,0
8310,1
29890,0
31666,0
7672,0
13495,1
24095,0
22093,1
23257,0
25527,0
31893,0
13475,1
35447,0
21770,1
26035,0
3746,0
34294,0
19685,0
23682,0
17263,1
13586,1
8135,1
34787,0
8772,1
30614,0
33246,0
23884,0
25793,0
21231,1
25250,0
2293,1
22102,0
31644,0
29197,0
21427,1
11203,1
24734,0
6456,1
22373,0
16295,1
12566,1
24565,0
31547,0
8781,1
28993,0
22531,0
11764,1
2046,1
6368,1
21023,1
9667,1
15484,1
33558,0
13125,1
18802,1
3627,1
32291,0
7642,1
12039,1
20452,1
25500,0
9313,1
11062,1
19025,1
13353,1
25789,0
25036,0
36316,0
12879,1
19136,1
923,1
9335,1
13222,1
34724,0
27638,0
10748,1
30773,0
11415,0
35680,0
587,1
8528,0
31021,0
27378,0
10362,1
32742,0
23651,0
25220,0
11743,1
2128,1
18065,1
4174,1
27287,0
4836,0
9837,0
34778,0
4861,1
8641,1
16018,1
10798,1
9251,1
26595,0
13573,1
3765,1
24712,0
21729,1
22335,0
34251,0
19942,1
22656,0
18442,1
26987,0
27380,0
21343,1
20745,1
18222,1
2434,1
33571,0
16695,1
4367,0
17073,1
5302,0
26732,0
2271,1
10349,1
32467,0
17319,1
22631,0
721,1
17608,1
18115,1
29125,0
15501,1
21510,1
35339,0
24934,0
32365,0
18026,0
28882,0
2023,0
8870,1
21536,1
2575,1
20026,0
25012,0
9914,0
26769,0
13676,0
25922,0
15621,1
4097,1
15900,1
20327,0
2030,0
28107,0
18638,1
35635,0
18328,0
33678,0
23475,0
28031,0
5974,1
27414,0
22533,0
19158,1
21385,0
27485,0
21347,1
8542,1
10868,1
8321,1
19266,1
956,1
27109,0
4610,1
16869,1
13768,1
21888,1
6588,1
33994,0
28173,0
17746,1
33636,0
31872,0
26779,0
29877,0
17617,1
9027,1
23294,0
5580,0
5798,1
1025,1
18424,1
28103,0
8472,1
5234,0
19646,1
33171,0
6760,1
1574,0
35632,0
18297,0
32873,0
24088,0
13011,1
17827,1
33312,0
31908,0
21680,1
11539,1
1252,1
4107,1
10962,0
22799,0
4965,1
26156,0
15893,1
11662,1
1666,1
18951,1
34038,0
33145,0
21292,1
17402,1
30423,0
22827,0
7886,1
35986,0
31471,0
12401,1
1908,1
30416,0
16750,1
9090,1
25208,0
28635,0
29463,0
2489,1
10553,1
28637,0
4629,1
12355,1
15538,1
21065,1
32645,0
13018,1
5515,1
23801,0
24540,0
10726,1
26418,0
17825,1
1715,1
25336,0
35779,0
11872,1
1227,1
28986,0
31863,0
1619,0
16970,1
14939,1
32611,0
19940,1
24031,0
32477,0
13293,1
5382,1
8444,1
31553,0
11416,0
34673,0
8780,1
18643,1
34269,0
17008,1
19606,1
25069,0
30909,0
2643,1
3947,1
7867,1
33554,0
7178,1
5914,1
15157,1
9203,1
28355,0
36009,0
22520,0
16778,1
26121,0
23280,0
28807,0
34634,0
4666,1
7214,1
10970,1
21874,0
1143,1
28002,0
10098,1
3814,1
3586,1
18191,1
9607,1
26456,0
13201,1
20433,0
24799,0
26462,0
15871,0
19645,1
21966,1
5802,1
15280,0
24765,0
12837,0
17611,1
12664,1
16052,1
12303,1
23079,0
14542,1
8777,0
33627,0
17168,1
30065,0
7989,0
32774,0
19713,1
33845,0
3801,1
34918,0
13338,1
31357,0
9701,1
1930,1
4641,1
20531,1
19441,1
9336,1
8417,1
31358,0
20807,1
15773,0
12690,1
20741,1
17182,0
34941,0
15616,1
19053,1
23549,0
13069,1
25675,0
9502,1
21075,1
2646,1
30702,0
8219,1
16156,1
18837,1
36079,0
13547,1
1583,1
8971,1
33190,0
16721,1
12671,1
2616,1
19890,1
7269,1
8940,1
17780,0
35190,0
32561,0
9410,1
23734,0
14810,1
15732,1
115,1
15542,1
34416,0
11575,1
6341,1
6425,1
19916,1
14419,1
4346,0
8035,1
10892,1
36212,0
15286,1
16317,1
26272,0
12200,1
18727,1
10091,1
20593,1
16148,1
21089,0
854,1
9100,1
34693,0
18298,1
3939,1
5499,1
9620,1
22111,1
15991,0
7854,1
1448,1
1554,1
6568,1
31356,0
21778,1
10877,1
18857,1
21354,1
7233,1
8190,1
7765,0
25397,0
28433,0
19638,1
189,1
7304,1
21091,1
14299,1
15086,0
7217,1
11084,1
15095,1
8132,1
24013,0
25117,0
15665,1
25438,0
28893,0
18525,1
3292,1
24477,0
8372,1
16708,1
18344,1
15604,1
21484,1
3440,1
24887,0
36296,0
538,0
30943,0
35489,0
26109,0
30143,0
14382,1
24810,0
11214,1
20592,1
32560,0
9441,1
7125,1
7903,1
25856,0
20602,0
965,0
26841,0
6833,1
9844,1
22349,0
21060,1
4287,1
22286,0
16396,1
35093,0
17520,0
31248,0
36127,0
19416,0
32941,0
19075,1
31024,0
14261,1
5018,1
21845,1
467,0
19408,1
29907,0
27117,0
3074,1
16471,1
31688,0
32821,0
26169,0
21156,1
16981,1
7279,1
15304,1
25997,0
11768,0
26988,0
29259,0
28769,0
28697,0
30634,0
35419,0
26049,0
21684,0
2333,1
175,1
19883,1
17423,1
33287,0
4968,1
32463,0
27603,0
8889,1
30097,0
28027,0
3588,1
8579,1
817,1
14988,1
6428,1
32001,0
19715,1
22066,1
17933,1
31559,0
2722,0
16753,1
28278,0
3745,1
12878,1
2251,0
11541,1
12132,1
21708,1
14681,1
17112,1
18393,0
28936,0
19743,1
7236,0
18208,1
30500,0
30370,0
31573,0
2939,1
29857,0
22263,0
20386,1
36018,0
30183,0
8515,1
15152,1
5242,1
20812,1
20869,1
6586,0
9923,1
19334,1
35398,0
24381,0
33914,0
16302,1
24165,0
16491,1
29742,0
34993,0
36173,0
4998,0
8500,1
15318,1
21263,1
29486,0
16398,1
24179,0
23439,0
11846,1
20947,0
36287,0
12842,0
23851,0
25633,0
20284,1
32646,0
10199,1
1144,1
20707,1
9730,1
7390,1
19571,1
34916,0
4055,1
26405,0
8258,1
33544,0
29264,0
20460,1
31699,0
27913,0
25503,0
13410,0
27561,0
17529,1
29773,0
6117,1
18255,1
30852,0
28317,0
30623,0
2818,1
4430,1
15118,1
9028,1
5442,1
4723,1
349,0
16767,0
15450,0
274,1
5628,1
8302,1
19586,0
6285,1
12519,1
35966,0
6881,1
9276,1
2945,1
24289,0
18518,0
6498,0
11100,1
22865,0
34998,0
25825,0
24049,0
24789,0
771,1
27707,0
5087,1
33268,0
8063,0
28330,0
31318,0
32432,0
27596,0
27971,0
15505,1
35330,0
18873,1
34886,0
34687,0
23512,0
19443,1
13172,0
23741,0
9089,1
14005,1
13591,1
33848,0
26258,0
35907,0
32399,0
28160,0
32850,0
14169,1
3190,1
4152,1
9234,0
1741,0
17628,0
11643,0
30938,0
33474,0
3217,1
30352,0
29792,0
1301,1
33072,0
24749,0
34133,0
32498,0
5950,1
28071,0
26269,0
17202,1
13647,1
25511,0
31543,0
18862,0
282,1
10029,1
17754,1
31938,0
6608,1
4720,1
34076,0
1353,0
32074,0
1272,1
33516,0
4706,1
5074,1
13563,1
2306,1
22553,0
28391,0
23913,0
28106,0
18327,1
19397,1
26352,0
10520,0
26157,0
696,1
512,1
2,0
15657,1
3905,1
25690,0
30118,0
15005,0
9124,0
5065,1
1856,0
11144,1
20961,1
13059,1
12030,0
35092,0
14326,1
30139,0
5152,1
20448,1
30360,0
3559,1
16103,1
11235,1
23628,0
18786,1
28032,0
12667,1
4841,1
27608,0
16453,1
29235,0
4202,1
15993,1
24325,0
4091,1
19794,1
29927,0
196,0
156,1
33921,0
24364,0
3574,1
18183,1
13468,1
34932,0
22815,0
16478,1
25786,0
18379,1
28846,0
12936,1
30247,0
4290,1
35063,0
20820,1
23704,0
27761,0
3002,1
162,0
36112,0
12010,1
10047,1
278,1
13934,1
32620,0
30085,0
5649,1
8486,1
15290,1
22600,0
33405,0
15504,1
14064,0
29705,0
3942,1
9259,0
32534,0
30657,0
26933,0
12388,0
21640,1
1196,1
4994,1
33567,0
32366,0
12272,1
28112,0
28615,0
13900,1
18498,1
18640,1
25268,0
14143,1
11788,1
21656,1
34259,0
12979,1
11677,1
28258,0
17071,1
14538,1
5073,0
35957,0
28185,0
15726,1
31125,0
29655,0
25131,0
33251,0
17462,1
17649,1
1601,0
23421,0
27167,0
34119,0
35545,0
28932,0
15432,0
20176,1
36109,0
20781,1
4102,1
25056,0
16743,1
31102,0
23755,0
20994,1
27760,0
7412,1
14740,1
5765,1
24612,0
22611,0
34627,0
35790,0
33665,0
14616,1
35385,0
16154,1
29187,0
16791,1
9323,1
12452,1
16337,1
27438,0
22456,0
19250,1
3232,1
25868,0
7182,1
23167,0
36077,0
19326,1
30701,0
2056,1
23300,0
5875,1
24087,0
31193,0
35269,0
33787,0
20368,1
21052,1
4939,1
9097,0
14199,1
20595,1
12345,1
14298,1
3484,1
2280,1
1936,0
29837,0
19749,1
20667,1
19140,1
20442,1
15007,1
21006,1
31695,0
34318,0
16793,1
12548,1
17843,1
10569,1
36163,0
18504,0
27824,0
29685,0
7622,1
24146,0
17871,1
7244,1
22562,0
25938,0
25314,0
22183,0
21289,1
16562,1
30513,0
24545,0
18007,1
27394,0
22828,0
14590,0
10246,0
32997,0
3128,1
11928,1
30207,0
26390,0
16197,1
24492,0
19280,1
2159,1
22360,0
27060,0
29466,0
31061,0
15949,1
2393,1
22382,0
9116,1
30070,0
5425,1
34445,0
15837,1
18034,1
23776,0
31584,0
9192,1
12989,1
16572,1
31251,0
33431,0
18864,1
6486,1
7250,1
1573,0
28706,0
34583,0
330,1
8521,1
30159,0
10416,1
28423,0
29321,0
11845,1
4550,1
10849,1
15179,1
33821,0
21710,1
4835,1
20714,0
23800,0
7558,1
19722,1
1763,1
2562,1
17766,1
1171,0
5448,1
7054,1
26050,0
16820,0
13789,1
33599,0
33157,0
21308,1
31753,0
15868,1
13179,0
25142,0
24884,0
25063,0
2136,0
7186,1
13031,1
8157,1
25914,0
16643,1
4927,1
5463,1
19499,1
7498,1
16823,1
25043,0
24249,0
33583,0
14884,1
12915,1
19882,1
33631,0
19118,1
20449,1
9472,0
12706,1
34907,0
25623,0
26696,0
13826,0
24479,0
30312,0
12922,0
18266,1
23366,0
34638,0
20264,1
8748,1
26402,0
15020,1
12305,1
5376,0
29066,0
19371,1
23569,0
18315,1
2681,1
19085,0
1415,0
27085,0
10715,1
8279,1
11542,1
8670,1
32111,0
28588,0
20255,1
23989,0
33053,0
3885,0
16418,1
34933,0
32808,0
33866,0
12701,1
2010,1
28029,0
1138,1
30107,0
23841,0
1667,0
25145,0
9077,1
27687,0
20691,1
6059,1
14717,1
17128,0
31574,0
5710,1
15944,1
20298,0
22751,0
1924,1
6474,1
14187,1
3762,1
26985,0
9481,1
1347,0
5821,1
29160,0
19641,1
13538,1
3308,1
8249,1
1840,1
2371,1
13508,1
35599,0
18450,1
8148,1
2876,1
17201,1
1149,1
24601,0
31656,0
24476,0
25228,0
33210,0
16536,1
18890,0
5881,0
8963,1
13282,1
20440,1
14205,1
28326,0
5732,1
27045,0
27882,0
4131,1
1714,1
28892,0
2050,1
34719,0
10201,1
25961,0
18186,1
19508,1
19142,1
23868,0
36237,0
22158,1
22480,0
15317,1
35262,0
10045,1
28364,0
12211,1
29198,0
5208,1
26266,0
31546,0
22359,0
9594,0
3122,1
12747,1
24559,0
36248,0
8689,0
16101,1
34310,0
15285,1
17524,1
21262,1
32093,0
27989,0
11303,1
14198,0
19710,1
10816,1
4466,0
32459,0
23779,0
19562,1
23029,0
12220,1
16870,1
28863,0
33193,0
2243,1
24915,0
23941,0
7254,1
16356,1
8928,1
35071,0
14165,1
6601,1
4193,0
15906,0
25940,0
12334,1
16079,1
3941,1
29665,0
19460,1
12912,1
21363,1
31763,0
35990,0
13127,0
27804,0
30482,0
21925,1
2687,0
20737,1
2718,1
12716,1
25176,0
18265,0
4804,1
24256,0
33894,0
19368,1
20646,1
8181,1
30110,0
19857,1
15315,0
22237,0
3138,1
27820,0
29457,0
4543,1
16508,1
16393,1
33440,0
35052,0
26485,0
12852,1
11658,1
21546,1
22959,0
14718,1
25272,0
18093,0
3103,1
18547,1
25460,0
1409,1
15827,1
25311,0
17074,1
20539,1
3279,1
2854,1
23180,0
11431,0
21864,1
31643,0
13989,1
12509,0
29456,0
25159,0
5569,1
20751,1
25830,0
1124,1
16028,0
35165,0
8238,1
32981,0
23795,0
34261,0
35577,0
13118,1
672,1
25816,0
875,1
21943,1
16291,1
8251,1
2558,1
33270,0
29154,0
24766,0
3315,1
6812,1
26140,0
30031,0
21788,1
18581,1
21567,1
3668,1
23128,0
10007,0
20837,1
22605,0
29372,0
1036,1
25641,0
19878,1
13525,1
1779,1
7887,1
14336,1
32834,0
27453,0
8681,1
29029,0
21741,1
10630,1
4727,1
1871,1
9630,1
11499,1
9282,0
8672,0
5477,1
25605,0
28469,0
30745,0
8684,1
33973,0
32883,0
26789,0
30100,0
31323,0
34120,0
31282,0
11576,1
170,1
22044,1
31352,0
7744,1
25852,0
13093,1
18022,1
30889,0
2661,1
36090,0
9570,1
36149,0
16445,1
27108,0
25898,0
8987,1
36304,0
3247,1
16316,1
10986,1
13048,0
31174,0
472,1
30797,0
13528,1
27532,0
32623,0
29447,0
24794,0
9405,1
29446,0
24252,0
2367,1
3068,0
13542,1
11034,1
13912,1
32638,0
11607,1
17018,1
19731,1
30559,0
35108,0
29855,0
23423,0
2208,0
10521,1
939,1
20773,0
14673,1
35356,0
9697,1
25421,0
1200,1
25064,0
506,0
3798,1
31519,0
10622,1
25900,0
21074,1
21852,0
10110,1
30384,0
21924,1
25083,0
27413,0
17801,1
169,1
31682,0
20175,1
3210,1
11972,1
32684,0
21863,1
30001,0
34986,0
6350,1
33014,0
33906,0
5757,1
3403,1
14931,1
18383,0
15015,1
20563,1
20959,1
16421,1
17668,0
25347,0
18619,1
16930,1
1769,1
26809,0
28571,0
16054,1
30995,0
18343,1
28994,0
25665,0
32723,0
3673,1
21737,1
12613,1
615,1
14968,1
3756,1
21094,0
26845,0
22688,0
29411,0
9499,1
2348,0
16938,0
27773,0
32396,0
21252,1
27867,0
15960,0
657,1
35068,0
16039,0
22010,1
14566,1
6594,1
32945,0
23808,0
33282,0
19287,1
9634,1
17295,1
30961,0
14721,1
25575,0
10921,1
35559,0
30273,0
27939,0
13500,1
35461,0
7819,1
21144,1
23173,0
12358,0
27602,0
4647,1
15441,1
23630,0
11369,1
26792,0
11451,1
12087,1
10981,1
19418,1
20345,0
5829,1
31270,0
9402,1
8042,0
30419,0
15699,1
30138,0
397,1
11167,1
22232,0
21736,1
32949,0
2811,0
12830,1
35051,0
22868,0
8300,1
29070,0
34616,0
23149,0
5714,1
8886,1
26843,0
15093,1
28671,0
20380,1
10655,1
16718,1
32067,0
20635,1
14683,1
20286,1
27508,0
28517,0
5644,0
26286,0
2545,1
4531,1
30576,0
10588,1
24399,0
34061,0
17587,1
33608,0
16917,1
30278,0
17461,1
5877,0
6592,1
31383,0
16956,0
12603,1
16828,1
31140,0
13206,1
35144,0
11513,0
31974,0
26260,0
14924,0
18353,1
7872,0
12995,1
9504,1
11249,1
27732,0
19263,1
26863,0
31275,0
5455,1
16937,1
31910,0
35260,0
32187,0
16323,1
1639,0
2002,1
7965,1
17990,1
25654,0
16443,1
19712,1
13886,1
27935,0
34579,0
18303,1
25903,0
31458,0
9390,1
7055,1
16041,1
9376,1
15403,0
30619,0
26292,0
21453,1
17153,1
4694,1
2656,1
24446,0
3553,1
5591,1
19200,1
14029,1
31286,0
20916,0
14160,1
9156,1
21487,1
33626,0
16017,1
26647,0
17526,1
4389,1
27999,0
34488,0
10994,1
23282,0
7003,1
16394,1
13194,1
17037,1
25969,0
3396,1
13716,1
6245,1
11585,1
7799,0
2584,1
793,1
23380,0
32744,0
15860,0
159,1
12443,1
29477,0
28358,0
25841,0
8654,0
6296,1
14118,1
28975,0
9578,1
25092,0
31355,0
2273,1
35065,0
6107,1
15813,0
7603,1
5244,1
3325,1
19004,1
22712,0
18659,1
34160,0
25452,0
17505,0
26940,0
12763,1
33169,0
33954,0
19102,1
22255,0
27364,0
1968,1
35575,0
33293,0
18216,1
32936,0
2938,1
28086,0
13091,0
19531,1
10009,1
6219,1
9527,1
24342,0
8608,1
2666,0
13813,0
27003,0
25858,0
1989,0
34163,0
34560,0
3415,1
33141,0
19028,1
13449,1
10335,1
34618,0
16693,1
27477,0
32352,0
32351,0
30176,0
9216,1
26450,0
19369,1
7693,1
12511,1
22069,1
19308,1
4997,1
26425,0
19933,1
7686,1
32203,0
14332,1
7235,1
9413,1
26928,0
32944,0
11337,1
340,1
28527,0
4449,1
95,1
15073,1
29332,0
31596,0
5236,1
28715,0
2872,0
13299,1
1939,1
29864,0
27012,0
34557,0
21725,0
24236,0
9245,1
18856,1
5317,0
4064,1
34910,0
18674,1
5940,1
14852,1
5383,1
27165,0
17956,1
8205,1
1858,1
4440,0
8666,0
17862,1
33614,0
21550,1
21666,1
17739,0
13694,1
14466,1
1472,1
22341,0
29610,0
32201,0
34522,0
6355,1
27288,0
25779,0
5598,0
19941,1
6419,1
30696,0
33256,0
5645,1
15596,1
13344,1
6204,0
20051,1
35351,0
21818,1
1197,1
23514,0
9507,1
2510,1
24814,0
2111,1
30381,0
23607,0
10352,1
33464,0
22655,0
15750,0
7093,1
30190,0
5882,1
19626,1
7325,1
1467,1
758,1
22151,1
23204,0
13705,0
32574,0
30651,0
23375,0
9710,1
13454,1
33199,0
21570,1
34000,0
17243,1
30742,0
7889,0
29770,0
7944,1
32931,0
23648,0
14084,1
19984,0
26324,0
12980,1
8116,1
19557,1
32035,0
15912,1
28270,0
17046,1
20810,1
10419,1
30306,0
1205,1
17731,1
3508,1
23176,0
30270,0
27744,0
7328,0
34084,0
19516,1
8407,1
13429,1
26920,0
11496,1
4036,1
17750,1
9635,1
22953,0
24362,0
4846,0
14612,1
32546,0
1140,0
35692,0
2479,1
9489,1
31064,0
34777,0
16129,1
14173,1
22534,0
18724,0
19072,1
21392,0
6945,1
25398,0
29647,0
27465,0
17337,1
23209,0
28238,0
15443,1
21160,1
26075,0
12882,1
13819,0
24825,0
12699,1
23770,0
2913,1
31158,0
33065,0
17103,1
6041,0
2223,0
16839,1
34517,0
20465,1
24317,0
31777,0
15838,1
26520,0
17624,1
14769,0
27872,0
12108,1
27013,0
886,1
31031,0
28387,0
12743,1
32820,0
21987,1
25502,0
23114,0
11628,0
20957,1
25105,0
10285,0
22824,0
14695,1
3438,1
32507,0
738,1
2381,1
13977,1
2336,1
710,1
5281,1
13850,1
7344,1
32016,0
6972,1
17445,1
36265,0
13202,1
10210,1
12063,1
2512,1
34406,0
10673,1
18799,1
3376,1
10222,1
25470,0
733,1
13007,1
3125,0
17898,1
13114,1
22215,0
741,0
15314,1
14547,1
30864,0
24136,0
3706,1
18312,0
17203,1
8685,1
29563,0
8466,1
6718,1
26144,0
32967,0
7476,1
23545,0
24127,0
34506,0
29438,0
17667,1
2387,1
18046,1
28698,0
35940,0
35193,0
28549,0
4906,0
33348,0
7480,1
31327,0
27766,0
30483,0
1615,1
29083,0
30743,0
5191,1
12424,0
35953,0
20935,1
24469,0
17797,1
6133,1
3474,0
34751,0
29825,0
23246,0
26676,0
12825,1
10035,1
6266,0
26071,0
14599,1
35614,0
5330,1
12366,1
16321,1
24372,0
1946,1
10811,1
23920,0
18277,1
27868,0
32014,0
24757,0
24425,0
28681,0
25242,0
8008,1
10417,1
22108,1
12730,1
34977,0
7717,1
15082,0
30393,0
22579,0
24210,0
25715,0
16985,1
16097,0
18289,1
13581,1
34529,0
20952,1
29145,0
35945,0
28896,0
20663,1
11516,1
15865,1
6157,0
3966,1
11527,1
18914,1
575,0
32307,0
7367,0
13520,1
14357,1
35429,0
35402,0
7400,1
45,1
13605,1
23830,0
18648,1
14815,1
753,0
24633,0
15489,1
36096,0
26360,0
8623,1
4108,1
6205,0
10750,1
23523,0
35832,0
26948,0
17054,1
23446,0
33339,0
12726,1
35816,0
20128,1
30746,0
6281,1
22586,0
24885,0
22665,0
10109,0
6211,1
6511,0
18767,0
7905,0
26851,0
15703,1
30086,0
35235,0
9601,1
6721,1
9818,1
916,1
27677,0
8686,1
19252,1
27649,0
12485,1
18083,1
26662,0
5741,1
15171,1
7030,1
27559,0
29704,0
10599,1
33932,0
20865,1
1854,1
22826,0
17348,1
35771,0
31511,0
7392,1
29212,0
1336,1
14848,0
25869,0
12466,1
10860,1
34938,0
2019,1
21436,1
7425,1
31762,0
2162,0
3974,1
10714,0
6705,1
17079,1
7339,0
33456,0
35681,0
34184,0
7068,1
33664,0
21346,1
34280,0
23612,0
6665,1
9056,1
9936,1
7770,1
10541,1
32914,0
3456,0
25190,0
2792,0
34573,0
10689,1
28640,0
7984,1
9104,1
32713,0
13600,1
23135,0
19699,1
16266,1
5457,1
6739,1
8354,1
26798,0
35554,0
13419,1
7566,1
11375,1
27743,0
35913,0
13062,1
23253,0
19092,1
24913,0
33192,0
10134,1
9418,1
29984,0
6934,1
33974,0
3121,1
12088,1
20095,1
22089,1
21753,0
18579,1
34155,0
19513,1
30993,0
33594,0
24595,0
12861,1
3146,0
22397,0
16090,0
475,1
19730,1
7615,1
1037,1
2933,0
12332,0
12386,0
26283,0
30529,0
6577,0
16752,1
26927,0
21322,1
23039,0
25528,0
15364,1
35072,0
28768,0
14023,1
16257,0
8927,1
13837,1
21919,1
2257,1
28441,0
33203,0
15372,1
5098,1
6871,1
26369,0
6035,0
955,1
11859,1
25259,0
34450,0
34211,0
6174,1
24639,0
16686,1
28976,0
25563,0
27321,0
28262,0
4219,1
35296,0
19391,1
5785,1
102,1
4296,0
20591,1
34798,0
27980,0
29607,0
21458,1
25565,0
3785,1
35493,0
8060,1
23575,0
4839,0
10695,0
8294,0
2435,1
10480,1
20705,1
12244,1
1488,0
11166,1
10284,0
27280,0
17247,1
14367,1
19681,1
16872,1
1645,1
6360,1
11067,0
2631,1
29400,0
1542,0
34510,0
17280,1
10794,0
21150,0
23832,0
13776,0
10317,1
27131,0
4936,1
12441,0
35243,0
36103,0
9484,1
400,1
32847,0
3718,1
26373,0
21787,1
7191,1
12400,1
563,0
12166,1
22262,0
6164,0
31069,0
11721,1
1187,1
19019,1
20351,1
11890,1
15968,1
20346,0
10861,1
23647,0
21018,1
4625,1
35829,0
18111,1
20639,1
18835,1
26532,0
10685,1
35547,0
28984,0
26256,0
4611,1
1340,0
14305,0
7980,1
1876,0
5436,1
24728,0
20846,1
20195,1
31865,0
21474,1
20421,1
20814,1
10481,1
25082,0
14295,1
21584,1
30823,0
1749,0
9366,1
17977,1
27819,0
19121,1
13758,1
7116,1
11830,1
14141,1
23564,0
16528,1
28859,0
16514,1
25807,0
18909,0
31773,0
29115,0
30481,0
31082,0
4353,1
16194,0
33752,0
21627,1
21853,1
26319,0
9415,1
23666,0
35348,0
19711,0
13056,1
19181,1
12380,1
24408,0
6891,1
15026,1
26812,0
10283,1
18884,1
4650,1
15045,1
3336,0
20276,1
7452,1
31611,0
9289,1
1039,0
28479,0
18430,0
34248,0
25305,0
25994,0
6883,1
34045,0
14985,1
8771,1
30006,0
35251,0
35352,0
34262,0
7555,1
9012,1
13015,1
14595,0
8105,1
7565,0
8395,1
11609,0
29135,0
34940,0
4521,0
9423,1
31723,0
22292,0
23064,0
23403,0
34707,0
32146,0
27771,0
32377,0
748,1
31560,0
11710,1
20010,1
6373,1
19065,1
13704,1
17591,1
22220,0
35191,0
2360,0
10409,1
35082,0
17161,1
777,1
19787,1
29918,0
26530,0
24288,0
13560,1
23663,0
23656,0
35060,0
7865,1
15720,0
7868,1
432,1
24940,0
23172,0
25688,0
28771,0
4548,1
26714,0
14819,0
1121,0
33054,0
3927,1
25235,0
7522,1
20050,1
16392,1
87,1
6962,1
15493,1
5319,1
14210,1
26752,0
6553,1
3593,1
33182,0
5819,0
26219,0
34330,0
23457,0
2618,1
28959,0
20197,1
23608,0
17549,0
27047,0
17568,1
15322,1
4016,1
28137,0
22119,1
31895,0
10755,1
3237,0
31587,0
4919,1
16147,1
9521,1
6243,1
29503,0
558,1
13376,1
6408,0
6675,1
17588,1
3693,1
15074,1
15839,1
8385,1
29097,0
14871,1
2096,1
20579,0
9403,1
35925,0
31732,0
23430,0
16208,1
16627,1
9255,1
24619,0
15098,1
25096,0
14650,1
9671,0
10221,1
32458,0
6899,1
34502,0
27588,0
34192,0
13592,1
1560,0
15561,1
6051,1
25245,0
19623,1
15908,1
14502,1
27545,0
24701,0
25874,0
13662,1
11646,1
31124,0
19976,1
15710,1
1465,1
5753,1
32958,0
16284,0
11697,0
4631,1
33742,0
26278,0
9799,0
1801,1
6737,0
13131,1
6607,1
6349,1
25112,0
8019,1
7501,1
15875,1
31862,0
10289,1
8710,1
30874,0
7467,0
1183,1
26454,0
7975,0
6088,0
3271,1
16535,0
3834,1
31680,0
4572,1
23069,0
13094,1
33462,0
28555,0
11193,1
935,0
11914,1
7743,1
8092,1
8108,1
7137,0
28089,0
32716,0
22229,0
17590,1
34209,0
31781,0
15850,1
28506,0
9422,1
39,1
8655,1
12641,1
25765,0
21983,1
14960,0
33661,0
35048,0
19740,1
25292,0
10259,1
29334,0
9254,1
21885,1
15374,0
14140,0
20767,1
12387,1
22484,0
36129,0
30426,0
4281,1
21102,1
18452,1
21525,1
34362,0
28707,0
10326,1
22671,0
32584,0
14119,1
15647,1
1582,1
12274,1
6315,0
25615,0
11070,1
15230,1
31044,0
7289,0
3727,0
589,1
10398,1
32801,0
2440,1
5507,1
28550,0
2879,1
35524,0
21297,0
16819,1
4591,1
19593,1
18135,1
4337,1
16861,1
6095,1
6554,1
10701,1
12090,1
1178,1
3969,0
35022,0
30321,0
17995,1
19298,1
17129,0
11413,1
12736,0
21306,1
30063,0
12803,0
11051,0
17339,1
21527,1
8379,1
9885,1
28675,0
20373,0
11980,1
23483,0
19523,1
26057,0
18764,1
29493,0
1600,1
36071,0
17616,1
35006,0
33125,0
16639,0
297,1
18153,1
9389,1
18037,0
9364,1
31870,0
8981,1
19502,1
15802,0
7836,1
34828,0
33354,0
7713,1
4674,1
21299,1
35126,0
29912,0
21644,1
14715,1
16160,1
8462,1
5461,1
36041,0
1652,1
26185,0
30715,0
6534,1
5218,1
16114,1
9524,1
25154,0
14573,1
13517,1
30454,0
9920,1
11010,1
34700,0
6513,0
8564,1
8776,1
5371,1
29697,0
33657,0
29941,0
5979,1
5415,1
28966,0
7788,1
26127,0
15520,1
29200,0
12746,1
6587,1
17812,1
34960,0
23189,0
22940,0
6710,1
6948,1
16313,1
6774,1
21379,1
15196,0
25025,0
17499,0
21967,1
35189,0
13740,0
7108,1
3825,0
13200,1
1324,1
36126,0
712,0
26659,0
706,1
2528,0
8825,1
28186,0
22213,0
9744,1
7216,0
4400,0
23337,0
3344,1
14648,1
31007,0
3564,1
10751,1
8513,1
30921,0
24522,0
9745,1
30142,0
4721,1
29574,0
6137,1
22683,0
8,0
6815,1
22264,0
17986,1
6241,1
1349,1
3734,1
19152,1
32837,0
8530,1
30154,0
10639,0
12733,1
11467,0
6277,0
24805,0
36081,0
7494,1
12962,1
1009,1
17135,1
6433,1
6751,1
6353,0
16239,0
7817,1
26284,0
12007,1
27525,0
2812,1
31734,0
11475,0
33929,0
27955,0
29311,0
26916,0
407,1
24043,0
22350,0
23757,0
2587,1
30296,0
35799,0
35224,0
34345,0
34768,0
34219,0
28291,0
24892,0
28034,0
862,1
26723,0
409,0
10248,1
26501,0
21290,1
21673,1
22077,1
3156,1
6313,1
8293,1
26264,0
33531,0
6356,1
4157,1
10137,1
14959,1
22388,0
18137,1
17785,1
14197,1
17623,0
19013,0
32319,0
14552,0
34418,0
20212,0
31155,0
9004,0
27101,0
23140,0
8581,1
1668,1
9764,1
32497,0
10431,1
30804,0
8087,1
21557,0
14496,1
32157,0
12122,1
20328,1
31267,0
13371,1
35797,0
24979,0
9274,1
31233,0
4794,1
12871,1
25482,0
14048,1
34020,0
24217,0
14128,1
19992,0
29121,0
20618,1
9439,1
9420,1
1900,1
4370,1
17146,1
34311,0
34904,0
34715,0
3997,1
20912,1
12697,1
24983,0
20470,1
5827,1
31296,0
23595,0
3692,1
21868,1
17646,0
29817,0
21047,1
34914,0
11748,1
30293,0
794,0
2615,0
21882,1
4458,1
16501,0
12260,0
13699,0
25585,0
12027,1
13247,1
8556,1
2723,1
12790,1
23587,0
29173,0
20533,1
24155,0
14003,1
22847,0
12033,1
3938,0
6075,0
101,1
7861,1
32786,0
28538,0
21340,0
2034,1
28346,0
18200,1
9828,0
4901,0
13926,1
22556,0
34563,0
18867,1
35523,0
24431,0
3026,1
21000,1
31837,0
33758,0
14006,1
32956,0
24895,0
1956,1
23719,0
11796,1
28318,0
13448,1
9896,1
10979,0
36147,0
9115,1
35688,0
22245,0
12472,1
29441,0
2062,1
31415,0
12213,0
27319,0
27393,0
16269,1
24947,0
10193,1
35145,0
27172,0
27078,0
11970,1
21652,1
4907,1
22258,0
21850,0
14099,1
2786,1
9359,1
25229,0
21909,1
14405,1
20151,0
22968,0
21396,1
31918,0
16731,0
20752,1
2758,1
31883,0
17724,1
33250,0
35131,0
31078,0
14553,1
5640,1
7705,1
5239,1
1659,1
1331,1
20025,1
692,0
16764,1
30911,0
25540,0
14938,0
25016,0
3493,1
26299,0
22659,0
24340,0
31484,0
31212,0
28438,0
14800,1
16060,1
7542,1
27890,0
21890,1
33705,0
36091,0
16250,0
390,1
19066,1
19821,1
792,1
35507,0
8345,1
31109,0
35122,0
34694,0
22649,0
36238,0
4086,1
20427,1
8119,1
28302,0
6236,1
17316,0
27028,0
1033,1
7156,1
18687,0
29281,0
2819,1
6841,0
649,0
22816,0
19183,0
7469,0
26091,0
4996,1
5489,1
9970,1
19425,1
21280,0
20322,0
28944,0
22697,0
14896,1
7620,1
22651,0
5969,1
17607,1
4787,1
13810,1
28865,0
33458,0
26551,0
30774,0
31681,0
12,0
25658,0
5049,0
24261,0
31424,0
20401,1
28836,0
13078,1
14489,1
11883,1
23272,0
22364,0
34869,0
26066,0
6168,1
29567,0
30451,0
21528,1
18460,1
8921,1
5146,1
7256,1
8962,0
215,1
35889,0
17075,1
25862,0
20740,1
29903,0
786,1
29860,0
9515,1
18280,1
29131,0
19000,1
6917,0
31167,0
15932,1
9577,1
24772,0
30399,0
8166,0
108,1
14839,1
17090,1
1278,1
8957,1
13649,1
30497,0
4911,1
25237,0
25217,0
4590,1
27547,0
685,0
13107,1
12558,1
35653,0
15618,1
23102,0
18227,0
26311,0
13741,1
30156,0
32813,0
26768,0
15439,1
10101,1
25730,0
4170,1
19219,0
17958,1
10967,1
18558,1
25766,0
8228,1
14651,1
26515,0
23344,0
35215,0
29548,0
2698,1
3496,0
13167,1
35786,0
10682,1
12813,1
34172,0
26188,0
7850,1
31678,0
24579,0
19485,1
28347,0
10818,0
29339,0
32832,0
6805,1
10733,1
33927,0
25926,0
3437,1
1444,1
29399,0
2341,0
15979,1
15983,1
29540,0
19987,1
27553,0
30980,0
19290,0
26783,0
2207,1
11001,1
18831,1
29979,0
14148,1
33841,0
27957,0
33090,0
27699,0
20336,0
32430,0
20082,1
35453,0
7682,1
8995,1
25363,0
20043,1
35866,0
13111,1
21817,1
20785,1
24269,0
22078,0
24802,0
33869,0
2632,1
13314,0
27168,0
24333,0
22491,0
32204,0
33944,0
1847,1
3652,1
24890,0
33503,0
24946,0
759,1
13946,1
5062,0
33110,0
24395,0
18177,1
10724,1
33834,0
17642,0
3459,1
10698,1
32928,0
34923,0
16074,1
31683,0
22422,0
44,0
3987,1
24247,0
4329,1
22429,0
17839,1
14671,1
3758,1
1751,1
13793,1
18333,1
4035,1
25380,0
9963,1
7991,1
6663,1
23190,0
33128,0
22842,0
34355,0
10323,1
32347,0
7595,0
27450,0
6764,1
11554,0
10397,1
34858,0
16600,1
27750,0
3759,1
139,1
35666,0
18505,1
17361,0
14017,1
13158,1
10391,1
19607,1
220,0
11289,1
9229,1
18348,1
18957,0
3912,1
32398,0
11370,1
15414,1
454,1
10692,0
14630,1
23942,0
32603,0
9055,0
5492,1
14677,0
9114,1
26135,0
26205,0
5304,0
22809,0
2748,0
16927,1
28209,0
22805,0
31231,0
6359,1
34481,0
30618,0
8216,0
13550,1
20075,1
2857,1
11787,1
17565,1
12569,1
6135,1
8239,0
34566,0
14024,1
19782,1
23331,0
16226,1
31336,0
25386,0
7588,1
30349,0
2071,1
6290,1
4746,1
35346,0
20525,1
28459,0
23394,0
30697,0
12020,1
12224,1
1689,0
17881,0
23533,0
31736,0
32953,0
31334,0
26517,0
8551,1
2379,0
16457,1
4228,1
29616,0
9404,0
36151,0
25357,0
19930,1
4504,1
1707,1
35347,0
3530,1
8566,0
8327,1
24849,0
24286,0
6869,0
26565,0
29134,0
6670,1
16595,1
18181,1
32389,0
283,1
36128,0
6578,1
126,1
33839,0
30128,0
15650,1
2600,1
7070,0
8822,1
1567,1
4718,0
22260,0
8869,1
16490,1
890,0
20483,1
7725,1
4442,1
20827,1
12044,1
3824,1
10911,1
22460,0
13709,1
10360,1
33277,0
26117,0
6669,0
13313,0
27778,0
8598,1
31540,0
4071,1
4757,1
3100,1
13483,1
2726,1
20106,1
2966,1
4395,1
19683,1
4744,1
27149,0
10217,1
10870,1
7933,1
21158,1
16334,1
19868,1
20549,1
6983,1
33892,0
32494,0
19935,1
29650,0
33981,0
10717,1
20238,1
32397,0
1332,0
28481,0
35484,0
13224,1
30681,0
237,1
17024,0
7057,1
29841,0
35486,0
33982,0
29023,0
33109,0
33084,0
1190,1
6083,1
23332,0
35644,0
32263,0
34107,0
25985,0
30428,0
21249,1
26813,0
2487,1
21956,1
25,1
34376,0
24610,0
305,1
26749,0
4602,1
27540,0
33359,0
10617,1
29071,0
26773,0
5642,1
15555,1
34480,0
27665,0
34860,0
938,1
30816,0
12343,0
10282,1
34909,0
24450,0
30589,0
24322,0
26872,0
35515,0
32536,0
12150,0
29067,0
16863,1
17113,1
23379,0
31399,0
4426,1
35845,0
1643,1
35929,0
17734,1
31348,0
674,0
23838,0
19595,1
11146,1
19008,1
6247,1
33784,0
9673,1
26337,0
21937,1
20105,1
15460,1
20783,1
24109,0
14180,1
30764,0
26350,0
22401,0
5987,1
29668,0
10837,1
7667,1
10494,0
25769,0
9447,1
8323,1
19703,1
16243,1
30177,0
16523,1
32109,0
16040,1
24412,0
14362,1
7439,1
21476,1
31439,0
29584,0
15849,1
24652,0
7777,1
7842,0
8989,1
24891,0
18472,1
29351,0
20726,1
22685,0
7843,0
14623,1
5817,1
29206,0
23653,0
10376,1
13802,0
30722,0
19020,1
35252,0
17686,1
10547,1
17626,1
4253,1
1970,0
30094,0
8156,1
32212,0
12313,1
25019,0
2400,1
9525,1
12648,1
13154,0
14067,0
149,1
19410,1
14814,1
17494,1
27408,0
19747,1
6776,1
1055,1
8144,1
9619,1
12351,1
26878,0
31436,0
35037,0
20896,1
36076,0
25828,0
10960,0
25738,0
17281,1
31014,0
17239,1
2946,1
34771,0
16384,1
32559,0
19603,1
2787,1
13351,1
11118,0
16034,1
20585,1
20883,1
28315,0
16324,1
31079,0
28922,0
24975,0
10313,1
23567,0
8917,1
23985,0
18019,1
17323,1
7384,1
20445,1
25673,0
19793,1
15401,1
25743,0
5446,1
27536,0
31086,0
17835,0
20795,1
5172,1
30408,0
23885,0
31444,0
18410,1
23690,0
9252,1
28384,0
25385,0
21732,1
25010,0
21190,1
29693,0
27322,0
18377,1
5154,1
22304,0
15380,1
23158,0
30379,0
34232,0
263,1
1327,1
28909,0
10357,1
13785,0
11855,1
32895,0
5575,1
24982,0
26861,0
204,1
14459,1
12297,1
17399,1
25530,0
20842,1
2749,1
9680,1
27372,0
15467,1
13754,1
4505,1
5289,1
8424,0
8632,1
23990,0
35234,0
13970,0
6747,1
11042,1
11553,1
35994,0
30767,0
33363,0
4233,1
22730,0
9144,1
3443,0
35738,0
1660,1
22313,0
6817,1
26447,0
22253,0
5709,1
13023,1
5068,1
1405,0
34357,0
4507,0
35280,0
17793,0
5286,1
15215,1
3145,1
28511,0
24255,0
11941,1
12024,1
35021,0
20800,0
1811,0
3116,1
6900,1
35586,0
16647,1
18372,1
16660,1
32136,0
7038,1
19163,1
3649,1
11944,1
13636,1
9318,0
14869,1
10382,1
14860,0
17140,1
31033,0
11141,1
7184,1
35682,0
19018,0
34551,0
604,0
16649,1
13458,1
17357,1
18489,1
33762,0
33478,0
24658,0
6860,0
22503,0
7630,1
13744,0
21418,1
19172,1
4509,1
25643,0
1506,0
35809,0
24145,0
21625,1
31422,0
20719,0
9519,1
32012,0
24596,0
16859,1
10242,1
34716,0
24769,0
6251,1
20504,0
12139,1
8715,1
16240,1
32756,0
30608,0
19845,1
24305,0
20905,1
31306,0
30834,0
30141,0
29908,0
29113,0
10411,1
17455,1
32841,0
3763,1
3059,1
9954,0
17643,1
24961,0
24780,0
35412,0
15172,1
28972,0
22065,0
35883,0
14319,1
310,1
14631,1
34708,0
10378,1
31806,0
2919,1
14583,1
13967,1
30956,0
662,1
8939,0
32712,0
9178,1
26202,0
31394,0
33135,0
7045,1
19924,1
19109,1
11905,1
18627,1
29871,0
19993,1
6439,0
27522,0
19848,1
27432,0
8956,1
12907,0
32658,0
10568,1
27436,0
33230,0
31554,0
36249,0
14851,1
16341,1
10287,1
18047,1
21221,1
9941,1
8442,1
29586,0
33797,0
5857,1
32932,0
27892,0
6459,1
1313,1
34915,0
7288,1
10096,1
13236,1
27350,0
1104,0
31151,0
19943,1
22233,0
18286,0
30484,0
10910,1
8740,1
18578,1
20317,1
6264,0
24517,0
31651,0
31271,0
18305,0
16124,1
16353,1
9180,1
23826,0
34607,0
4439,1
13020,1
12717,0
26067,0
35464,0
10777,1
35724,0
19512,1
29296,0
2292,1
8141,1
25123,0
13641,1
22636,0
18059,1
18641,1
24888,0
16231,0
12798,1
35424,0
25835,0
33122,0
9345,1
569,1
12629,1
3512,0
12847,1
8609,1
4224,0
1231,1
10637,0
17540,1
23716,0
31136,0
6660,1
5630,1
24337,0
13937,1
14521,1
21523,1
22972,0
19288,1
25040,0
26310,0
16811,1
23672,0
21383,1
22208,0
23410,0
20338,1
16244,0
33577,0
5861,1
34833,0
25598,0
28344,0
14429,0
23970,0
3446,1
9556,1
13981,1
22311,0
2965,1
13842,1
28105,0
13176,0
21431,1
20673,1
14065,1
32531,0
14589,1
26620,0
31384,0
11079,1
26786,0
6416,1
26252,0
10678,1
23738,0
29315,0
12581,1
10084,1
9384,1
9378,1
22300,0
14981,0
9095,1
27683,0
10557,1
36169,0
25818,0
25437,0
16673,1
22458,0
32210,0
6465,1
15305,1
19805,1
26740,0
6495,1
1172,1
4624,0
17489,1
30029,0
18993,1
7497,1
4894,1
36168,0
9615,1
19785,1
15357,1
22299,0
28219,0
13659,1
36291,0
19678,1
2605,1
1663,0
3098,0
33603,0
5916,0
30632,0
33032,0
13655,1
35211,0
34664,0
4579,1
34091,0
5711,1
34326,0
29377,0
19687,1
15851,1
1022,1
4008,1
15220,0
13961,1
22399,0
11925,1
3167,1
9285,1
28933,0
15917,1
34063,0
18661,1
21424,1
6988,1
4474,1
33537,0
20934,0
10980,1
13443,1
36104,0
11878,0
15913,1
29224,0
2827,1
8055,1
22486,0
828,1
12710,1
24379,0
7847,1
29728,0
15769,1
33301,0
17318,1
12430,0
31040,0
34815,0
20805,1
21883,1
26131,0
10534,1
3587,1
28014,0
17586,0
15591,1
6493,0
21561,1
34537,0
32433,0
34093,0
19872,1
8408,1
23525,0
4041,1
12765,1
7840,1
6420,1
14807,1
32283,0
30877,0
33213,0
16278,0
32360,0
16477,1
20517,1
4068,1
34840,0
30821,0
10273,0
31430,0
8657,1
8526,0
36161,0
16349,0
35420,0
7499,1
16293,0
4043,0
34718,0
7578,0
7340,1
996,1
15014,1
22276,0
29091,0
19822,1
19961,1
24590,0
14575,0
20753,1
35659,0
25156,0
2198,1
2693,0
28991,0
26233,0
22190,0
26907,0
21117,1
3715,1
23061,0
10581,1
2135,1
3949,1
10648,1
14145,0
25091,0
27921,0
25523,0
32633,0
24330,0
19896,1
10725,0
32150,0
17572,1
14203,0
23509,0
10039,1
22016,0
23788,0
14278,1
15066,1
30009,0
11137,1
17932,1
20150,1
10511,1
12540,0
9786,1
21302,1
17811,1
23036,0
27629,0
6352,1
6801,0
31368,0
7853,1
22166,0
4664,1
33336,0
25042,0
28961,0
14311,1
22729,0
20390,1
3007,1
1440,1
1765,1
15995,1
34175,0
27551,0
11472,1
12642,1
7065,0
8896,1
23455,0
17774,1
27178,0
8974,1
11307,1
19083,1
3442,1
19463,0
17955,1
30776,0
3035,1
27776,0
15466,1
33620,0
30430,0
25418,0
14699,1
30153,0
30215,0
19157,1
7772,1
12002,1
17691,1
7775,1
2107,0
16366,1
24073,0
25735,0
7987,1
4873,1
24641,0
22392,0
1167,0
13155,1
9544,1
25578,0
14876,1
1043,1
30115,0
32294,0
12899,1
24108,0
33131,0
10186,1
33209,0
8856,0
3303,1
33606,0
34164,0
16818,1
19587,1
3872,0
27578,0
28369,0
8130,1
20019,0
11869,1
1422,1
6941,1
13135,1
4506,1
12165,1
5718,1
4724,1
27875,0
2175,1
24605,0
18030,1
17640,1
8538,1
25682,0
27550,0
3154,1
13041,1
16733,1
9955,1
552,1
17943,0
25177,0
1945,1
6195,1
21775,1
19549,1
35753,0
3505,1
29843,0
28050,0
28559,0
13113,1
30668,0
21015,1
1580,1
34467,0
17004,1
24356,0
24656,0
16227,1
17937,1
17860,1
25048,0
25403,0
27458,0
28039,0
3665,1
7089,1
23398,0
4642,1
7294,1
30495,0
5061,1
28075,0
8882,1
30861,0
15348,1
35849,0
36078,0
31291,0
9880,0
30326,0
12531,0
7086,1
28090,0
32484,0
14078,0
29543,0
2668,1
21401,1
12140,0
13331,1
446,1
33083,0
25341,0
29872,0
21270,1
35728,0
34800,0
7804,1
16300,0
3635,1
23882,0
32571,0
19635,1
34745,0
33264,0
12426,1
34257,0
22347,0
4719,1
7379,1
2982,1
34354,0
31144,0
531,1
17758,1
10502,1
26600,0
13407,1
18168,1
28508,0
1878,0
30298,0
24726,0
16796,1
15702,0
20135,1
12863,1
32501,0
11108,1
15410,0
2264,1
26800,0
16422,1
26253,0
30998,0
12967,0
26016,0
27359,0
32412,0
22451,0
23095,0
31760,0
10367,1
26901,0
23301,0
3157,0
2650,1
31949,0
12656,1
4403,1
30292,0
7934,1
10801,1
11182,1
9779,1
26341,0
35384,0
27854,0
9275,1
10032,1
35289,0
19860,1
2529,0
11224,1
24100,0
11007,1
28924,0
33223,0
9520,1
9573,1
578,0
14827,1
25464,0
6811,1
2158,0
17159,1
92,0
27072,0
22758,0
7310,0
12110,1
13526,1
16787,1
35380,0
25248,0
915,1
31668,0
35002,0
26254,0
3717,0
34929,0
17809,1
12527,0
4176,1
33060,0
17875,1
25461,0
33955,0
4169,1
36028,0
2295,1
17695,0
25337,0
8844,1
20052,1
519,1
17511,1
29216,0
20625,1
9514,0
32356,0
27855,0
24467,0
23247,0
2216,1
9530,0
28504,0
5486,1
1556,1
15671,1
15383,1
18463,1
28903,0
17256,1
34750,0
20482,1
33813,0
13466,1
34534,0
484,1
23762,0
31526,0
29050,0
20471,0
18828,1
1346,1
27946,0
32710,0
6828,1
21908,1
16770,1
27332,0
24740,0
12947,1
13960,1
9871,1
19506,0
25787,0
25762,0
18657,1
12365,1
15811,1
1042,1
3188,1
2328,1
16988,1
8006,1
8809,1
24704,0
31110,0
26673,0
3528,1
31113,0
15078,1
4181,1
12461,1
22224,0
30182,0
32361,0
3514,1
30218,0
3123,1
17126,1
2674,1
8993,0
28052,0
646,1
22402,0
581,1
619,0
5334,1
31449,0
654,1
34917,0
25225,0
10509,0
16652,0
24566,0
28762,0
22903,0
3406,1
22073,1
14971,1
8784,1
11202,1
13257,1
13622,1
28782,0
5320,0
18151,1
8900,1
17604,1
20688,1
16977,1
12438,1
9663,1
23292,0
22699,0
12453,1
30664,0
34857,0
24248,0
31654,0
32418,0
8944,1
2454,0
13697,0
12177,1
12361,1
3071,1
26089,0
18541,1
7488,1
3742,0
11602,1
2287,1
27702,0
30294,0
20768,1
21301,1
2363,1
23546,0
25290,0
35592,0
19225,0
20333,1
24773,0
1893,1
19846,0
9132,1
8836,1
33667,0
3567,0
27714,0
11037,1
18970,1
35609,0
21837,1
34098,0
13446,1
10065,1
3684,1
4886,1
30191,0
12750,1
699,1
35701,0
18098,1
3813,1
30768,0
29900,0
28485,0
23307,0
26938,0
30195,0
8904,1
8124,1
27038,0
32502,0
4033,1
34135,0
14296,1
25919,0
3967,1
28665,0
17491,1
27362,0
11436,1
35634,0
28367,0
11712,1
33811,0
34624,0
20709,1
10833,1
18775,1
4503,1
6990,1
12011,1
26924,0
8137,1
11222,1
4165,1
4076,1
25937,0
30868,0
1188,0
21384,0
14236,0
18195,1
20680,1
1786,1
22726,0
21167,1
30026,0
29228,0
1392,1
5259,1
33525,0
14565,1
5971,0
3278,1
27467,0
24873,0
7692,0
21365,1
30503,0
6052,1
17009,1
12868,1
10020,0
21646,0
20332,1
32515,0
10935,1
35981,0
1163,0
10640,1
29282,0
29303,0
30741,0
32017,0
5327,0
33299,0
28140,0
20857,1
20329,1
26811,0
3335,1
35323,0
8839,0
1948,0
5487,1
17362,0
17635,1
31107,0
34582,0
32419,0
9241,1
33707,0
18074,1
16864,1
26616,0
26165,0
7973,1
24949,0
35371,0
26458,0
27907,0
666,1
10753,1
20801,1
8616,1
16426,1
23643,0
1679,1
13208,0
6823,1
6745,1
5067,1
14256,1
9319,1
3172,1
29501,0
28611,0
6865,1
29378,0
29308,0
23223,0
21318,1
1170,1
9147,1
6070,1
20950,1
15528,1
30078,0
8265,1
21009,1
28180,0
8209,0
17000,1
6836,1
5424,1
27652,0
29052,0
23205,0
3295,1
34121,0
33699,0
26249,0
32138,0
27787,0
29550,0
23695,0
36307,0
23160,0
30406,0
34946,0
17936,1
2410,1
14661,1
206,1
10228,1
26697,0
8898,1
14221,1
6926,1
13688,0
2701,1
16963,1
34873,0
1100,1
3029,1
23979,0
16775,1
25484,0
10133,1
14146,1
28067,0
6632,1
20245,1
13198,1
31065,0
30665,0
6450,1
22999,0
11480,1
27690,0
26693,0
27454,0
20980,1
35543,0
18564,1
28601,0
36175,0
22040,1
10993,1
3592,0
18099,1
22810,0
11791,1
25580,0
20874,1
26389,0
343,1
7974,1
13672,1
13021,1
12328,1
9091,0
11892,1
4006,1
5432,1
33081,0
2624,1
27145,0
29049,0
12145,1
35440,0
28680,0
9775,1
36231,0
16352,0
20720,1
9416,0
25030,0
28488,0
21303,1
29171,0
2683,1
4892,1
1817,1
18434,1
24779,0
29675,0
2085,1
433,1
1418,0
18187,1
14026,1
33023,0
31532,0
2844,1
16628,1
30747,0
6693,1
1449,1
31161,0
23153,0
10068,0
23356,0
34267,0
9006,1
2920,1
24912,0
6854,1
1342,0
18842,1
28281,0
21481,1
35470,0
6091,0
24147,0
8848,1
20762,1
11968,0
8843,1
18005,1
27641,0
32405,0
10163,0
15294,1
6491,1
24969,0
1703,1
11969,1
18907,1
8358,1
24293,0
3223,1
22017,1
1386,1
11391,1
10052,1
4914,0
12322,1
13050,1
1776,1
16080,1
14654,1
32784,0
25097,0
13463,1
31595,0
12468,1
15673,1
33126,0
32952,0
2494,1
34813,0
3811,1
13995,1
35463,0
20702,1
22930,0
29040,0
14436,1
18449,1
14515,1
4659,1
4452,1
26867,0
21099,1
4864,1
8085,1
9960,0
19457,0
1066,0
34949,0
29189,0
12797,1
22974,0
9748,1
25846,0
16379,1
35821,0
17169,1
24005,0
14663,1
21975,1
20049,1
33380,0
3405,0
32474,0
18673,1
35023,0
14999,1
35032,0
16926,1
1807,0
2955,1
19625,1
4501,1
10890,1
18981,1
21592,1
32722,0
23134,0
2717,1
18653,1
12744,0
25406,0
31920,0
4136,1
12983,1
11096,1
29418,0
8283,1
18672,0
5169,1
30695,0
18116,1
25489,0
25393,0
20902,0
22186,0
20211,1
8853,1
7764,1
7762,1
3371,1
14266,0
36026,0
16417,1
6729,1
9660,1
26964,0
32908,0
34945,0
2637,1
28545,0
2767,1
20370,1
20615,0
4211,1
6648,1
34395,0
3322,0
28497,0
24710,0
24363,0
11785,1
21762,1
15579,1
8318,1
24339,0
35411,0
12547,1
16876,1
32386,0
15788,1
32043,0
27905,0
12185,0
2940,1
35085,0
22938,0
32118,0
3979,1
5310,1
18141,1
10354,0
31810,0
29919,0
1478,0
29444,0
10665,1
25308,0
30748,0
26614,0
22955,0
3243,1
26718,0
20777,1
23917,0
33028,0
23641,0
4310,1
35375,0
22034,1
15399,1
3023,1
28785,0
17729,1
33311,0
14743,0
23619,0
21827,0
22594,0
5842,1
23169,0
22669,0
26017,0
8732,1
12836,1
7530,1
14741,0
16322,1
1207,1
18820,0
8292,1
11353,1
23565,0
15573,1
14113,1
33497,0
12651,1
6880,1
14632,1
30169,0
6298,1
29925,0
26552,0
18963,1
15643,1
2088,1
22921,0
3769,1
29514,0
29512,0
4307,1
24319,0
35212,0
6631,0
23906,0
28411,0
2504,1
15558,1
31838,0
11065,1
7839,1
24251,0
17068,1
8915,1
16891,1
14155,1
22395,0
25909,0
27262,0
24451,0
17027,1
11822,1
2905,1
6652,1
18425,1
5170,1
29450,0
22493,0
36317,0
18704,1
9868,0
24775,0
28070,0
12942,1
24956,0
34523,0
4962,1
22947,0
26571,0
7544,0
12176,1
32192,0
13273,1
19997,1
2277,1
26392,0
24208,0
19387,1
11354,1
21454,1
16573,1
28365,0
11300,1
4492,1
2884,1
32785,0
5989,1
32182,0
8797,1
35768,0
18064,1
6630,0
33983,0
4973,1
14231,0
31093,0
22118,1
25873,0
19923,1
33119,0
57,1
22681,0
35508,0
14601,1
31091,0
12412,1
12804,1
34623,0
1937,1
15982,1
15183,1
9024,1
4896,1
3215,1
15019,1
7561,0
4773,1
1683,1
16831,1
31817,0
21013,1
17951,1
26822,0
10670,0
19876,1
18886,1
10129,1
34711,0
34230,0
18769,1
4626,0
34501,0
24186,0
33179,0
4596,1
27294,0
11290,1
23287,0
2592,1
14009,1
32214,0
22612,0
739,1
17147,1
1676,1
31728,0
26728,0
27885,0
31115,0
28373,0
4847,1
4393,1
14493,1
11627,1
9064,1
18628,1
25827,0
33953,0
6163,1
6382,1
28870,0
29289,0
15921,0
19328,1
16470,1
29955,0
32715,0
818,0
10758,1
28248,0
35579,0
18207,1
6808,1
24663,0
25621,0
4179,1
4431,0
19752,0
20181,0
19770,1
19137,1
2457,1
18728,1
24063,0
31533,0
6758,0
29277,0
24226,0
12471,1
10635,1
25775,0
20621,1
36214,0
27751,0
30325,0
15518,1
13139,0
10792,0
27622,0
18658,1
28060,0
14804,1
7225,1
28655,0
3818,1
10467,1
17708,1
26796,0
1959,0
20252,1
14842,0
24017,0
3940,1
12268,1
12231,1
15721,1
5637,0
29314,0
33165,0
31769,0
14568,0
16986,0
30734,0
23919,0
17278,1
18470,1
14962,1
6971,0
7373,1
20977,1
2760,1
2370,1
31268,0
28777,0
20582,1
33161,0
21443,1
31126,0
11801,0
9011,1
20906,1
10517,1
8410,1
8597,1
23091,0
29931,0
5687,1
9436,1
16821,1
30751,0
33831,0
20480,1
31904,0
4482,1
32333,0
10554,0
8362,1
34825,0
11478,1
4150,1
12458,1
28184,0
3705,1
11103,1
31404,0
13783,1
9950,1
27723,0
26289,0
7440,1
25877,0
15661,0
18984,1
3022,1
15844,0
30038,0
20041,1
36040,0
12479,1
36191,0
28079,0
3719,1
25899,0
6056,1
7927,1
22725,0
31620,0
16087,0
10580,1
1079,1
29510,0
21240,1
32025,0
13481,1
757,1
27461,0
6788,1
31987,0
22244,0
15327,1
6024,1
16013,1
9016,1
3220,1
16065,1
33993,0
16122,1
36008,0
14015,1
4453,1
19329,1
5485,1
12973,1
22351,0
32449,0
12486,1
8352,1
25211,0
23541,0
20178,1
27406,0
35881,0
2196,0
21304,1
22133,1
26321,0
10844,1
24206,0
35525,0
34433,0
31969,0
16059,1
25258,0
2415,0
35536,0
8718,1
24513,0
22498,0
18269,1
20490,1
11681,1
8072,1
14905,1
2358,1
27435,0
16761,1
15634,1
16586,0
26935,0
8565,1
22825,0
29557,0
32097,0
17500,0
18106,1
6005,0
21543,1
18087,0
9989,1
8867,1
20055,1
20320,1
13597,1
20516,1
9184,1
30735,0
20764,1
4149,1
30319,0
11379,1
30899,0
13745,1
20776,1
28856,0
31733,0
4977,1
31204,0
30790,0
11962,0
26967,0
19617,1
30415,0
11245,0
7106,1
362,1
16224,1
15861,1
1360,0
4090,1
21503,1
29973,0
32926,0
10858,1
26679,0
614,1
31825,0
21568,1
9350,1
9348,0
29735,0
21131,1
13442,1
25612,0
9829,0
32994,0
17475,1
15425,1
22092,0
30550,0
4127,1
25160,0
1632,1
33485,0
18608,1
23617,0
25685,0
9934,1
8068,1
19385,1
8118,1
4249,1
14228,1
6611,1
24588,0
12005,0
32341,0
24647,0
14512,1
5184,1
11277,1
35401,0
27112,0
1572,1
8138,1
6740,0
10739,1
1198,1
9551,1
24470,0
10142,1
13231,1
7249,1
18592,1
25487,0
26386,0
9751,1
22097,1
16234,1
20426,1
14678,1
22469,0
1548,0
27595,0
15052,1
35436,0
8114,1
10662,1
23660,0
32506,0
22131,1
14778,1
31894,0
35960,0
32233,0
27852,0
636,1
33908,0
5820,1
24882,0
14921,1
24877,0
15469,1
28740,0
13635,1
21038,1
12506,1
22686,0
28283,0
25345,0
10227,1
8602,0
13142,1
10119,1
2607,1
7805,1
20013,1
9672,0
19173,1
27472,0
26776,0
5587,0
14462,1
34697,0
31266,0
13811,1
14613,1
9782,0
12195,1
28084,0
4167,1
1328,1
22306,0
20227,1
28078,0
24132,0
11246,0
34444,0
33836,0
14474,1
25326,0
27025,0
33404,0
13364,1
27156,0
5738,0
20146,1
12695,1
29274,0
27141,0
17519,0
30282,0
32612,0
20444,0
24876,0
10583,1
7983,1
24575,0
1155,1
35835,0
19361,1
15199,1
35140,0
25375,0
28427,0
19655,1
7084,1
32792,0
1166,1
9741,0
33616,0
23900,0
2309,1
5430,1
23479,0
27756,0
27215,0
29043,0
1728,1
6138,1
19727,1
19548,1
6363,1
29642,0
1125,1
20872,1
31991,0
8697,1
22389,0
21133,1
27295,0
3352,0
30987,0
15142,1
23334,0
3164,1
27781,0
21448,1
18213,1
10344,1
1515,1
12008,1
31154,0
25630,0
27282,0
7333,1
36179,0
8742,1
574,0
3935,0
18321,1
17358,1
8942,1
6993,1
14830,1
24065,0
5220,1
32649,0
9168,1
7208,1
9432,1
8206,1
16153,1
11625,1
22914,0
17227,1
25405,0
18509,1
26791,0
33451,0
3233,0
26106,0
21620,1
25697,0
10363,1
36180,0
23402,0
23522,0
3127,1
5054,1
1254,1
27968,0
2561,1
4909,1
30954,0
31517,0
6508,0
34363,0
36050,0
14551,1
27068,0
982,1
18310,0
12808,0
14098,1
31671,0
28968,0
35894,0
28921,0
23743,0
8778,1
19525,1
34540,0
15218,1
3362,1
17279,1
7911,0
28818,0
20923,1
1522,1
5713,1
31011,0
2622,1
18637,1
20371,1
15500,0
32044,0
29725,0
35838,0
21100,0
25998,0
23463,0
14036,1
7735,1
17300,0
6151,0
20285,1
26864,0
15154,1
4880,1
4147,1
35307,0
13544,0
32516,0
22409,0
312,1
12382,1
14331,1
22159,1
8143,1
5518,1
20139,1
9150,0
14637,1
22394,0
18254,1
7190,0
25603,0
23361,0
3265,1
31761,0
3191,1
33074,0
19332,1
20799,0
31112,0
20788,1
18329,1
27261,0
21715,1
19490,1
10333,1
8626,0
34022,0
27863,0
3411,1
16175,0
13397,1
23536,0
29592,0
1489,1
10048,0
6951,1
18625,1
14194,1
6709,1
14277,1
12464,1
19540,1
15221,1
9533,0
8196,1
20647,1
34325,0
12416,1
9918,1
21950,0
24485,0
35031,0
12591,0
15772,1
10485,1
29786,0
29109,0
3547,1
29885,0
6162,1
718,1
16860,1
26295,0
24417,0
27055,0
24453,0
21945,1
31854,0
29188,0
29715,0
29836,0
21891,1
27597,0
207,1
9424,1
29338,0
20036,0
912,1
21037,1
24910,0
33917,0
21931,1
32889,0
10386,1
32199,0
8764,1
36176,0
32647,0
6306,1
6544,1
14471,1
2703,1
29480,0
23784,0
23391,0
18212,1
30465,0
33049,0
18345,1
6864,1
15778,1
8807,0
9589,0
33612,0
8941,1
31387,0
10164,1
26848,0
13197,0
34713,0
8847,1
17248,1
13219,1
21239,1
14670,0
13948,1
7964,1
30900,0
35286,0
16360,1
12423,1
197,0
623,1
4012,1
27344,0
13974,1
25556,0
15001,1
27886,0
24661,0
30351,0
30151,0
22986,0
7856,1
25913,0
2825,1
26782,0
22564,0
30474,0
28658,0
16348,0
27658,0
29117,0
29661,0
31406,0
4652,1
30706,0
32362,0
24024,0
30133,0
32724,0
21588,1
14995,1
11650,0
24960,0
28639,0
30885,0
4423,1
10375,1
3823,0
18079,1
11298,1
30692,0
962,1
1320,1
30492,0
32544,0
33007,0
12592,1
19184,1
31565,0
34744,0
14636,1
12484,0
35858,0
7416,0
33810,0
6606,1
15610,0
32346,0
7521,1
17350,1
19351,1
22189,0
21149,1
4316,1
20453,1
26589,0
12253,1
4663,0
25536,0
35788,0
26137,0
33194,0
28178,0
5207,0
26374,0
16055,1
25972,0
16191,1
8028,0
19666,1
28558,0
15332,1
18228,1
20958,1
33773,0
492,1
4260,1
3281,1
25635,0
18165,1
2267,1
1860,0
8831,1
8242,1
2544,1
3787,0
24280,0
28266,0
2998,1
21786,1
10532,1
7949,0
14136,0
24200,0
21889,1
36277,0
36284,0
21284,1
27437,0
12745,1
19854,1
10808,1
36188,0
17466,1
16380,1
158,1
24646,0
9614,1
23713,0
5283,1
35221,0
20649,1
8512,1
29287,0
24034,0
26531,0
30919,0
9076,1
4242,1
32452,0
12781,0
7532,1
25093,0
8815,1
23291,0
9433,1
13831,1
27837,0
9662,1
19572,1
28033,0
12498,0
29151,0
23877,0
27483,0
35875,0
17918,1
11285,1
29962,0
24816,0
27161,0
22334,0
2923,1
19881,1
33574,0
14294,1
9761,1
8690,1
11660,1
4816,1
8289,1
5864,1
5200,1
8149,0
10634,1
20382,0
3903,1
6858,1
6655,0
2860,1
17286,1
6166,0
31081,0
27424,0
31150,0
30585,0
751,1
13464,1
1249,1
16692,1
33466,0
10770,0
12691,0
28864,0
1618,1
29662,0
17692,0
12076,1
1578,0
22650,0
22218,0
4220,1
21011,1
14246,1
1410,1
6628,1
35589,0
33058,0
35086,0
5069,1
13791,1
13037,1
5860,1
13812,0
601,1
8751,1
22110,1
20603,1
19533,0
27006,0
14220,1
3945,1
26329,0
29382,0
28104,0
8465,1
6742,1
28849,0
22285,0
9444,1
4763,1
32694,0
32434,0
17268,1
24242,0
35534,0
11857,1
23384,0
12647,1
6814,1
19620,1
1291,1
34970,0
26518,0
5498,1
17450,1
14664,1
4528,1
8013,1
1357,1
14579,1
19469,1
32940,0
3162,0
13390,1
18027,1
2368,1
34370,0
33480,0
27285,0
28331,0
14527,0
27981,0
5379,1
28250,0
17813,1
4328,0
13595,1
13952,1
20868,1
32624,0
34911,0
1562,1
23852,0
29056,0
19480,1
34222,0
1621,1
36150,0
21993,1
34301,0
12285,1
33591,0
12455,1
13763,1
18497,1
26939,0
18732,1
7610,1
26303,0
25954,0
16728,1
111,1
12593,1
28714,0
25447,0
34102,0
3707,1
36225,0
9066,1
26132,0
16773,1
33120,0
3307,0
30536,0
27772,0
19093,0
17874,1
28220,0
7784,1
26001,0
27284,0
324,1
5755,1
10100,0
32178,0
36031,0
14727,1
11074,1
7807,1
30886,0
19520,1
3976,1
2026,1
8955,0
20808,1
32006,0
23787,0
11279,0
21734,1
22674,0
7928,1
35855,0
35158,0
26308,0
10191,1
202,0
12599,1
12119,1
24220,0
30606,0
5942,0
1725,1
14522,1
29951,0
28726,0
30771,0
30101,0
11275,1
1006,1
4477,1
25243,0
29452,0
5913,1
15633,1
35967,0
27991,0
22749,0
12330,1
28102,0
3712,0
4729,1
15784,0
31273,0
19311,1
19584,1
18812,1
24025,0
15770,1
29763,0
27417,0
27880,0
14115,1
33573,0
26560,0
17674,1
4239,1
23729,0
14030,0
28704,0
31609,0
32685,0
12183,0
1082,1
12517,1
32700,0
12990,1
26403,0
9895,0
7813,1
11171,1
36240,0
32264,0
28232,0
12693,1
7859,1
7969,0
35155,0
5866,1
34092,0
22547,0
12815,1
29412,0
27330,0
9813,1
13611,1
24366,0
13935,1
27844,0
23354,0
23071,0
21500,0
12229,1
27998,0
1521,0
34717,0
35004,0
34820,0
29613,0
25912,0
21352,1
4299,1
6470,1
16665,1
6517,1
33879,0
31930,0
5675,0
30846,0
8147,0
8959,1
26437,0
20769,1
17721,0
8756,1
32500,0
31363,0
2937,1
31880,0
232,1
26320,0
10233,1
6058,1
22323,0
1425,0
31811,0
4187,1
31731,0
7155,1
12718,1
6678,1
7514,1
6208,1
14189,1
1820,0
34967,0
3409,1
18885,1
24820,0
35301,0
30607,0
2547,1
14941,0
11638,1
4117,1
7220,1
35814,0
14371,1
19964,1
19522,1
22734,0
26130,0
21599,1
34793,0
29739,0
11434,1
848,1
19696,1
33520,0
5478,0
18499,1
32094,0
17207,1
423,1
12684,1
12806,1
4833,1
24402,0
3495,1
33442,0
21480,1
317,1
11678,1
3736,1
26190,0
1216,1
22756,0
23013,0
3679,1
35583,0
17330,1
8046,1
7316,1
25847,0
31485,0
30523,0
16178,1
28477,0
10657,1
590,1
26327,0
13416,1
11038,1
3957,0
26358,0
25871,0
8043,0
14483,1
29674,0
12348,1
2286,1
3410,1
10404,1
21808,1
28862,0
35078,0
369,1
33832,0
6400,0
1147,1
3983,1
15257,1
19788,1
31325,0
21936,1
23833,0
14817,0
31840,0
34531,0
23710,0
24735,0
4561,1
29038,0
8095,1
24260,0
12948,1
25976,0
2773,0
26640,0
16388,1
307,1
10507,0
2154,1
32728,0
14388,1
31152,0
26113,0
22945,0
4051,1
17571,1
21398,1
32116,0
16955,1
8203,1
19814,1
5356,1
11634,1
8920,1
9838,0
23165,0
20296,1
12858,1
20138,1
24933,0
4771,0
7131,1
10444,1
6057,0
6040,1
27062,0
32487,0
4438,1
31766,0
21847,0
14251,1
29190,0
11828,1
26626,0
19470,1
32071,0
29590,0
31798,0
2672,0
18617,1
25843,0
9716,1
29075,0
20116,1
12350,1
35591,0
17957,1
9454,1
29370,0
30334,0
19325,0
11157,0
23488,0
24771,0
28738,0
15181,1
705,1
25244,0
21562,1
5767,1
9820,1
31292,0
28073,0
17601,1
17599,1
10654,1
28395,0
30972,0
18748,1
9805,1
30622,0
29036,0
7650,1
15386,1
30833,0
11208,0
8021,1
5681,1
6942,1
6816,1
4990,1
20972,1
5903,1
33990,0
3343,1
34609,0
20891,0
4922,1
11140,1
10456,1
10252,1
2498,1
16940,0
23706,0
35991,0
26581,0
7363,0
14057,0
31787,0
28643,0
32815,0
30102,0
10454,1
3786,1
32235,0
6342,1
22598,0
9127,0
24449,0
27150,0
35763,0
14004,1
31813,0
31253,0
9449,1
28732,0
20242,1
15156,1
16062,1
10019,1
11982,1
22855,0
7323,1
28116,0
14861,1
30231,0
27095,0
6574,0
27663,0
18920,1
26279,0
2470,0
15259,0
33605,0
16974,1
10663,1
5223,1
11829,1
4851,0
13336,1
13707,1
4899,1
5390,1
7957,1
15929,1
5173,1
7520,0
11385,1
10415,1
10700,1
7646,1
33278,0
17632,1
13671,1
19521,1
13427,0
29654,0
17952,0
35674,0
24669,0
18148,0
12675,1
34379,0
1381,1
23846,0
9722,0
9889,0
6128,1
6980,1
28612,0
20829,1
14283,0
34980,0
28156,0
3088,0
33215,0
20859,1
6337,1
15988,0
29943,0
32197,0
30777,0
27695,0
14310,1
26183,0
2952,1
23659,0
19820,1
32923,0
17253,1
8413,1
6061,1
26703,0
28583,0
34752,0
15235,1
29025,0
8425,1
26263,0
27425,0
2269,1
14975,1
9973,1
16964,1
10305,1
9990,1
9606,1
27448,0
9491,1
12083,1
35089,0
19873,1
3612,1
14070,1
8737,1
34753,0
15030,1
3251,0
22344,0
21629,1
8343,1
29389,0
5224,1
5582,1
35427,0
34927,0
11902,1
30088,0
12395,1
8266,1
2089,1
19335,1
16709,1
18736,1
25944,0
17007,1
20200,0
6523,0
5643,1
14380,1
16578,1
547,1
15642,1
2677,1
30279,0
21055,0
20172,0
31480,0
31080,0
31607,0
9717,0
5030,1
29193,0
1625,1
21066,1
30129,0
1805,0
16159,0
35565,0
29790,0
20657,1
8200,1
10172,1
24506,0
1136,1
22897,0
28934,0
33379,0
31455,0
29454,0
26969,0
30125,0
27535,0
34366,0
2099,1
18173,1
730,1
24327,0
24344,0
6998,0
23030,0
14563,1
10535,1
5859,1
7895,0
31259,0
20881,0
30832,0
287,1
25247,0
13489,1
18690,0
11250,1
6270,1
5769,1
4121,0
18042,1
17404,1
11278,1
23954,0
911,0
2917,1
32176,0
21219,0
2114,1
29779,0
8259,0
13711,1
1426,1
28677,0
2436,1
26984,0
977,1
23136,0
25837,0
25088,0
398,1
26129,0
31972,0
9939,1
30316,0
5773,1
7754,1
19565,1
14597,0
8947,1
31410,0
11568,1
6977,1
10977,1
26883,0
34194,0
24433,0
3926,1
34957,0
7982,1
25756,0
28610,0
2735,1
19105,1
17947,1
25205,0
13841,1
7303,1
17553,1
34336,0
24006,0
13389,1
32748,0
8134,1
11786,1
8604,0
8658,1
14532,1
15947,1
15382,1
8738,1
36299,0
13570,1
16716,1
16371,1
31290,0
25303,0
5258,1
9346,0
7917,0
11028,0
2750,0
201,0
24162,0
7140,1
34400,0
21028,0
7607,1
28003,0
33901,0
33844,0
7292,1
32653,0
17621,1
33037,0
30165,0
13790,1
11071,1
17940,1
20848,1
12277,1
6407,1
8375,1
3299,1
14536,1
30575,0
19560,1
3703,1
3625,1
26086,0
12696,1
21932,1
28285,0
34082,0
34344,0
20729,1
27949,0
25727,0
3638,0
14079,1
20302,1
4363,1
7874,1
12107,1
2716,1
5516,1
24170,0
30413,0
29952,0
25734,0
967,0
33457,0
28206,0
31582,0
25233,0
6720,1
22504,0
2954,1
2915,1
28570,0
27678,0
24564,0
138,0
32588,0
26281,0
13248,1
2161,1
36003,0
545,1
1806,0
14346,1
13553,1
18291,1
28841,0
18221,1
24411,0
22987,0
21577,1
17946,1
28535,0
35045,0
26506,0
30,0
35767,0
7956,1
16193,1
13864,1
2080,0
20054,1
4978,1
2420,1
19605,0
21116,1
22767,0
35386,0
65,0
12545,1
31885,0
3540,1
2237,0
25815,0
17677,1
3899,1
8155,0
27034,0
8914,1
30394,0
18366,0
11128,1
29967,0
17844,0
19980,0
15059,0
32278,0
27718,0
6324,1
33004,0
10978,1
13459,1
25582,0
16592,1
19272,1
17777,1
10896,1
7537,1
1458,0
24651,0
26192,0
21760,1
20599,1
3924,1
2478,1
13639,1
1999,1
4186,1
13180,1
20199,1
33550,0
1052,0
585,0
34749,0
26074,0
12445,1
8893,1
13738,1
8091,1
6361,1
30090,0
9332,1
31220,0
716,1
4606,1
9272,1
21482,1
7,0
32158,0
30269,0
34451,0
31293,0
3696,1
22390,0
5663,1
32130,0
22880,0
35121,0
32471,0
655,0
24670,0
24920,0
36065,0
18898,1
20750,1
6856,1
23074,0
22694,0
1234,0
26524,0
32078,0
33768,0
33321,0
21188,0
8056,1
22139,0
16064,1
24030,0
24081,0
33106,0
12459,1
17980,0
3695,0
23208,0
25230,0
25574,0
32955,0
24306,0
6455,1
430,0
18193,0
7042,1
3783,1
12157,0
2648,1
23559,0
8850,0
242,1
32101,0
18989,1
9222,1
6624,1
23976,0
2263,1
2981,1
31137,0
3032,1
8050,0
9881,1
8329,0
27023,0
35150,0
14545,1
21571,1
34342,0
7563,0
28329,0
19918,1
31809,0
13990,1
6230,1
19927,1
18699,1
26235,0
5781,0
23240,0
34662,0
19581,0
31335,0
2069,1
14174,1
18003,1
36044,0
31442,0
805,1
21816,0
1081,1
954,1
12494,1
5012,1
27730,0
7598,1
5607,1
14492,1
22614,0
31601,0
14890,1
25780,0
1217,1
12543,1
21300,1
27251,0
30542,0
6194,1
7239,1
4749,1
14318,1
15424,0
24809,0
14215,1
26058,0
14688,1
3990,1
21130,1
18252,1
14509,1
34004,0
11198,1
16724,1
34062,0
5042,1
9547,1
18832,1
32026,0
36142,0
10145,1
17346,1
9742,1
906,1
36047,0
29506,0
31830,0
34380,0
7967,1
19127,1
4087,1
244,1
32668,0
14088,1
27982,0
9277,1
5576,1
11870,1
8355,1
8037,0
32403,0
1853,1
7427,1
10083,0
19830,1
34513,0
31965,0
19094,1
21419,1
29167,0
34760,0
31901,0
4967,1
176,1
34252,0
25848,0
22877,0
4776,1
7460,1
18172,0
157,1
33792,0
3609,1
17436,1
24561,0
6654,1
2326,0
11217,1
35434,0
35874,0
29042,0
6259,1
18232,1
17650,1
1923,0
9018,1
11863,1
23473,0
28625,0
14282,0
28543,0
819,1
8062,0
30162,0
10769,1
20277,1
6424,1
17444,1
29233,0
24654,0
2567,1
25881,0
29924,0
5135,1
17558,1
20478,0
23469,0
26028,0
26302,0
16222,1
19123,1
4465,1
2244,0
13034,1
9728,1
32413,0
6089,1
34013,0
30602,0
26575,0
12126,1
28952,0
27932,0
6000,1
11536,1
30140,0
35249,0
19659,1
15499,1
31788,0
33931,0
32315,0
2720,1
1950,1
1587,1
22465,0
9122,1
2195,0
29629,0
205,1
17949,0
21844,0
6733,0
6936,1
11039,0
13246,1
5729,1
17480,0
32162,0
3920,1
25027,0
2317,1
22339,0
18557,1
11816,0
29253,0
14989,1
4497,0
7888,0
380,1
12135,1
33326,0
19756,1
597,1
14640,1
22620,0
18959,1
16564,1
17693,1
2082,1
28857,0
1352,0
13077,1
4634,1
13765,1
20569,1
25325,0
35381,0
4711,1
14097,1
24689,0
30586,0
1841,1
27277,0
32153,0
33048,0
30740,0
26770,0
30364,0
28119,0
8231,0
11849,1
8729,1
12389,1
26690,0
18246,0
13905,1
33995,0
25931,0
31509,0
18237,1
5084,1
32859,0
32253,0
6262,1
7458,1
28850,0
2183,1
29415,0
13388,1
10303,1
1000,1
6503,1
32855,0
25232,0
11725,1
6640,0
25529,0
13149,1
56,0
35432,0
20462,1
21865,1
18332,1
33897,0
9736,1
32058,0
23855,0
33858,0
2419,1
4333,0
8903,1
35745,0
28577,0
30533,0
6250,1
19496,1
14909,1
29419,0
24847,0
31213,0
7906,0
22109,1
23422,0
4326,1
22943,0
21765,1
22021,1
7198,0
13174,1
13805,1
5467,1
18880,1
9841,1
5502,1
5189,1
26,1
13128,1
30233,0
50,1
3033,1
32794,0
3771,1
20402,1
34487,0
4869,1
12316,1
3182,1
8671,1
5403,1
9221,1
11021,0
2711,1
32771,0
26048,0
19947,0
11736,1
26881,0
28686,0
9639,1
745,1
3721,1
35218,0
648,1
32772,0
2680,1
3750,1
26953,0
10213,1
28866,0
34227,0
32630,0
14293,1
31568,0
29169,0
15375,1
32222,0
11479,1
13119,1
27710,0
25806,0
30259,0
12187,1
465,0
12501,1
1898,1
31873,0
17481,1
7962,1
13606,1
11148,0
1438,1
14758,1
27919,0
26649,0
1842,0
34520,0
248,1
23252,0
12827,1
9199,1
32205,0
16358,1
6591,0
6233,1
30062,0
3135,1
17730,1
19009,1
26053,0
8423,1
36207,0
24309,0
36119,0
9826,0
28747,0
15705,1
1461,1
25478,0
20944,1
29581,0
14461,0
28054,0
32224,0
10828,1
5617,1
32056,0
19286,1
35765,0
12406,1
13347,1
2204,1
32290,0
9264,1
8743,0
6802,1
7611,1
10883,0
11339,1
1011,1
6795,0
11749,1
19706,1
17167,1
5839,1
24558,0
28763,0
11666,1
13642,1
25388,0
13771,1
2980,0
12914,1
25059,0
23871,0
18793,1
3,1
2740,1
7726,0
7885,1
6799,1
15211,1
8080,1
16099,1
12483,1
24111,0
28578,0
30915,0
9665,1
29929,0
34427,0
7168,1
26858,0
14288,1
33621,0
23667,0
15226,1
8933,1
11923,1
26810,0
5471,1
8975,1
27105,0
36220,0
16554,1
31902,0
12102,1
13708,1
24837,0
30016,0
2000,1
3449,0
1538,1
15433,1
15874,0
31252,0
18756,0
29361,0
11514,1
35205,0
35885,0
16687,1
16619,0
19307,0
16217,1
19668,1
1377,1
8070,1
1370,0
35230,0
35867,0
17802,1
4409,0
1117,1
20230,1
357,1
32780,0
10545,1
11611,0
34081,0
7912,1
447,1
31114,0
3653,1
29123,0
27059,0
15841,1
34158,0
15378,1
14591,0
15927,1
28499,0
6217,1
30831,0
25178,0
17414,1
11302,1
12767,1
19622,0
18915,1
13554,1
33923,0
18791,1
20086,1
11637,1
10468,0
6575,1
27439,0
26240,0
33143,0
9299,1
23150,0
27565,0
6976,0
17213,1
21223,1
15737,1
1056,1
31036,0
13277,1
13260,1
4941,0
31724,0
8960,0
32309,0
21238,1
14223,1
4530,0
116,1
23132,0
15337,1
35292,0
30359,0
28198,0
26181,0
26081,0
23429,0
2431,1
34746,0
11445,1
10976,0
8308,1
28412,0
30372,0
23732,0
28648,0
10814,1
1432,0
32390,0
33730,0
19651,1
16051,1
29713,0
7795,1
23962,0
31074,0
10624,1
28377,0
15606,1
23279,0
14422,0
10780,1
36257,0
10579,0
2354,1
32339,0
13145,1
13557,1
10277,1
10894,1
3311,1
14014,0
29244,0
2214,1
18145,1
17440,1
19899,1
1145,1
14227,1
35392,0
14477,1
10181,1
11619,0
23100,0
17283,1
174,1
3034,0
17569,1
22942,0
22742,0
20183,1
15207,1
21876,1
9435,1
2880,1
32888,0
17954,0
34675,0
27495,0
25095,0
29297,0
20622,1
7275,1
27311,0
14858,1
6387,0
36159,0
29249,0
33697,0
15122,0
10922,1
13939,0
9440,1
9152,1
8704,1
17723,0
22198,0
16560,1
18926,1
10136,1
10736,1
29541,0
4778,1
31344,0
2837,1
32555,0
7502,1
32392,0
21780,0
20120,1
8286,0
35861,0
28806,0
27895,0
19925,1
12514,1
26024,0
7173,1
31462,0
28832,0
30626,0
22637,0
34757,0
4802,1
34606,0
2425,1
21643,1
35819,0
20629,1
2181,1
11684,1
9569,0
15109,1
24932,0
17982,1
11002,1
24265,0
17195,1
28418,0
19591,1
28130,0
32411,0
18726,1
30485,0
1575,0
30716,0
1486,1
25081,0
1889,1
10702,0
30073,0
35526,0
408,1
209,1
5951,0
28594,0
1112,1
26744,0
25061,0
31492,0
4618,0
32108,0
948,1
29830,0
10633,1
8643,1
21541,1
23065,0
11440,1
35533,0
8884,1
12999,0
35581,0
9907,0
927,1
23874,0
13899,1
31495,0
26335,0
14073,1
29186,0
19764,1
1907,1
3291,1
26713,0
25265,0
6494,0
18409,1
29521,0
7474,1
34186,0
26442,0
17664,1
34670,0
30089,0
2077,1
21594,0
8179,0
9473,1
26537,0
2601,1
29394,0
7749,1
13638,1
23939,0
15492,1
18575,1
23675,0
27490,0
34387,0
24744,0
9493,1
8985,1
775,1
11731,1
20722,1
22478,0
1791,1
6196,1
3236,1
25619,0
30412,0
20543,1
16205,1
15800,1
27843,0
1910,1
22502,0
22006,1
36024,0
31634,0
30828,0
11644,1
5142,0
3766,1
8976,1
11131,0
10937,1
19957,1
13723,1
17125,0
7793,1
10167,1
21996,0
4034,1
2318,0
23891,0
21439,1
19798,0
23879,0
7818,1
15950,1
18848,1
10719,1
29791,0
20489,1
32159,0
9872,1
15240,0
22985,0
25741,0
7166,1
15087,0
33416,0
35952,0
29622,0
3994,1
30927,0
6520,1
2505,1
2766,1
27494,0
24674,0
24675,0
33952,0
21723,1
17058,0
13348,1
4075,1
26111,0
33598,0
24407,0
4536,1
16979,1
29598,0
11429,0
35011,0
20641,1
17570,1
33881,0
33835,0
32844,0
24812,0
24594,0
25736,0
4098,1
7486,0
19714,1
19358,1
3275,1
15805,1
25194,0
8707,1
3709,1
2838,1
22616,0
5928,1
8499,1
22474,0
12885,1
30429,0
25241,0
12163,1
29360,0
24543,0
13628,1
25910,0
11484,1
14138,1
14468,1
30225,0
29122,0
19427,0
17684,0
4231,1
13722,1
26210,0
1875,0
14467,0
14746,1
9762,0
11127,1
30013,0
7237,1
2352,1
18157,0
3775,0
17155,1
21981,1
47,0
1434,1
7678,0
6910,1
28236,0
17782,1
4084,1
10097,0
31690,0
9096,1
35689,0
921,1
7663,1
24894,0
17596,1
30054,0
24360,0
3737,1
30439,0
10430,1
16432,0
12308,1
14385,1
35972,0
10043,1
7133,1
28985,0
5378,1
24341,0
8290,1
20032,1
13607,1
2455,1
18107,1
30042,0
27831,0
27753,0
3887,1
1539,0
1998,1
29839,0
24792,0
23823,0
15513,1
255,1
24777,0
35942,0
17329,1
7147,0
16762,1
22570,0
952,1
2258,1
27700,0
15608,1
28790,0
13485,1
29737,0
6448,1
33018,0
17307,1
6175,1
35438,0
16994,1
25073,0
35226,0
27033,0
22792,0
18636,1
15027,1
17034,1
14345,1
32553,0
6011,1
36011,0
31224,0
12993,1
29279,0
3360,1
25809,0
16230,1
11340,1
13396,1
10241,1
18965,0
5537,1
31305,0
36032,0
26378,0
34879,0
35542,0
34116,0
33036,0
16714,1
11223,1
18316,1
20998,1
20995,1
3063,1
34254,0
7243,1
15985,1
32368,0
35595,0
3488,0
483,1
34570,0
10239,1
16238,1
33150,0
4569,1
24778,0
23771,0
10644,1
29312,0
469,1
3077,1
9609,1
9460,0
5833,0
23932,0
28443,0
5357,0
9365,1
25832,0
18143,1
20262,1
1669,1
20305,1
21442,1
20973,1
30850,0
16143,1
13634,1
3124,0
27404,0
30250,0
14072,1
11976,1
27267,0
840,1
27203,0
30015,0
8883,1
24747,0
25480,0
24004,0
8788,0
32262,0
13322,1
823,0
34466,0
5264,1
96,1
31722,0
25172,0
7724,1
10235,1
21466,1
18621,0
28259,0
18360,1
27160,0
4062,0
16407,1
29797,0
8226,1
27967,0
4834,1
31187,0
33565,0
14240,1
5123,0
15091,0
24090,0
24563,0
13043,1
24429,0
2061,1
18060,1
23004,0
30945,0
16435,1
2499,1
33512,0
15252,1
25636,0
35200,0
30935,0
2152,0
32275,0
5058,1
21281,1
32325,0
15106,0
34134,0
25120,0
32938,0
9210,1
14239,1
8635,1
14802,1
32696,0
15168,1
12643,1
1255,1
16089,0
18730,1
14716,1
21391,1
25439,0
25965,0
34476,0
8694,1
23519,0
14417,1
6485,1
29965,0
9162,1
15741,1
12058,1
6004,0
21355,0
20344,1
19618,1
22657,0
16126,1
9322,0
15886,1
27564,0
23562,0
24829,0
673,0
35623,0
1702,1
4960,1
8306,1
15032,1
32829,0
17535,0
26145,0
20685,1
8983,1
19507,1
16363,1
36310,0
23388,0
35119,0
31129,0
30365,0
4595,1
12775,1
33729,0
14766,1
12099,1
34822,0
12193,1
3838,1
2598,1
18368,1
23669,0
9995,1
12114,1
2247,1
24578,0
35794,0
29536,0
16729,1
23273,0
15776,1
17600,1
12067,1
29278,0
1345,1
5325,1
20728,1
12583,0
5937,1
23290,0
13369,1
11692,0
31807,0
32663,0
24869,0
17948,0
8763,1
31101,0
6769,1
34470,0
35693,0
23774,0
14530,1
23105,0
3604,1
18999,1
34748,0
28111,0
34966,0
11740,1
10108,1
4212,1
22642,0
32231,0
19753,0
16188,0
9020,1
11396,1
5562,0
11498,0
20511,1
2176,1
11280,1
31814,0
4740,1
5695,1
8661,1
19664,1
35040,0
815,1
18451,0
22238,0
21716,1
26599,0
17240,1
29721,0
19257,1
32446,0
5048,1
34702,0
6626,1
5564,0
30203,0
32148,0
12600,1
2791,1
22894,0
4845,1
14037,1
24733,0
13732,1
5346,0
6186,1
31104,0
11488,1
36048,0
27459,0
14016,1
31705,0
25216,0
15895,0
34846,0
27147,0
9975,1
5368,0
7441,0
5776,1
14454,1
30609,0
27686,0
10661,1
35132,0
21272,1
97,1
2550,1
26376,0
3873,1
3877,0
11713,1
18152,1
9877,1
10356,1
17145,1
22495,0
21071,1
12338,1
27903,0
32051,0
34278,0
12503,1
15820,1
6943,1
11690,1
10843,1
5119,1
35807,0
2556,1
18825,0
20844,1
31191,0
14584,1
30709,0
12789,1
27978,0
31451,0
17293,1
10578,1
25013,0
26394,0
6037,0
11959,1
493,1
10627,0
8708,0
32766,0
28192,0
27357,0
32518,0
23362,0
2696,1
33806,0
14549,0
20210,1
17762,1
29440,0
19255,1
12402,1
29990,0
22462,0
2053,1
7207,0
29905,0
28189,0
1318,1
15866,1
17094,1
28634,0
6989,1
6086,1
14872,1
1065,1
20713,0
22019,0
18534,1
31658,0
22900,0
19439,1
2870,0
11732,1
2976,0
2016,1
26076,0
17589,0
20408,1
27185,0
7904,1
34688,0
18646,1
12147,0
11086,0
22413,0
13529,1
13890,1
2964,1
3499,1
27216,0
993,1
32027,0
12817,1
33274,0
14898,0
2274,1
2417,1
10688,1
18568,1
21731,1
7223,1
26497,0
35355,0
582,1
28891,0
34078,0
31396,0
23086,0
33239,0
27899,0
3391,1
22913,0
23414,0
2865,0
32237,0
32950,0
28797,0
20819,1
15785,1
12019,0
16439,1
24130,0
25132,0
22554,0
15817,1
9809,0
22804,0
24160,0
26204,0
20046,1
5386,1
19424,1
20963,0
5665,1
21259,1
23464,0
25322,0
26092,0
13319,1
15456,1
3647,0
1943,1
10838,1
5217,1
23009,0
11981,1
4797,1
7979,1
11783,0
1253,1
24064,0
34005,0
6134,1
30939,0
19492,1
5707,1
26692,0
16189,1
28389,0
34686,0
20633,1
12000,0
32768,0
5858,1
9057,1
22555,0
29392,0
28406,0
6889,1
33249,0
3866,0
31698,0
29317,0
35066,0
13530,1
13472,0
35431,0
36154,0
29301,0
909,1
25090,0
6042,0
25047,0
13885,1
2890,0
15891,1
19058,0
15646,1
29022,0
1762,1
30077,0
15695,0
24614,0
26440,0
